time,m_flow,pipe_outlet,water_outlet,pipe_inlet,water_inlet
0,0.2494,15.3,15,15,15.1
50,0.2494,15.3,15,15.5,15.7
200,0.2494,15.3,15,16.7,16.8
350,0.2494,15.3,15,17.8,17.9
353,0.2494,15.3,15,17.8,18
358.1,0.2494,15.3,15,17.8,18
361.2,0.2494,15.3,15,17.9,18
366.3,0.2494,15.3,15,17.9,18.1
369.4,0.2494,15.3,15,17.9,18.1
372.5,0.2494,15.3,15,17.9,18.1
375.6,0.2494,15.3,15,18,18.1
380.2,0.2494,15.3,15,18,18.1
383.1,0.2494,15.3,15,18,18.2
388,0.2494,15.3,15.1,18,18.2
391,0.2494,15.3,15.1,18.1,18.2
395.7,0.2494,15.4,15.1,18.1,18.3
398.7,0.2494,15.4,15.1,18.1,18.3
403.6,0.2494,15.4,15.2,18.1,18.3
406.6,0.2494,15.4,15.2,18.2,18.3
411.4,0.2494,15.4,15.3,18.2,18.4
414.4,0.2494,15.4,15.3,18.2,18.4
419.5,0.2494,15.5,15.3,18.2,18.4
422.5,0.2494,15.5,15.3,18.2,18.4
427.6,0.2494,15.5,15.4,18.3,18.5
430.6,0.2494,15.5,15.4,18.3,18.5
433.7,0.2494,15.6,15.4,18.3,18.5
436.8,0.2494,15.6,15.5,18.4,18.5
439.8,0.2494,15.6,15.5,18.4,18.6
442.9,0.2494,15.6,15.5,18.4,18.6
446,0.2494,15.6,15.5,18.4,18.6
449.1,0.2494,15.7,15.6,18.4,18.6
452.2,0.2494,15.7,15.6,18.5,18.6
455.3,0.2494,15.7,15.6,18.5,18.7
458.6,0.2494,15.7,15.7,18.5,18.7
463.8,0.2494,15.8,15.7,18.5,18.7
466.8,0.2494,15.8,15.8,18.6,18.7
472,0.2494,15.9,15.8,18.6,18.8
475,0.2494,15.9,15.8,18.6,18.8
480.1,0.2494,15.9,15.9,18.7,18.9
483.5,0.2494,15.9,15.9,18.7,18.9
488.6,0.2494,16,15.9,18.7,18.9
491.7,0.2494,16,16,18.7,18.9
494.8,0.2494,16,16,18.7,18.9
499.1,0.2494,16.1,16.1,18.8,19
502.1,0.2494,16.1,16.1,18.8,19
505.3,0.2494,16.1,16.1,18.8,19
510.4,0.2494,16.2,16.1,18.8,19
513.7,0.2494,16.2,16.2,18.9,19.1
517,0.2494,16.2,16.2,18.9,19.1
521.6,0.2494,16.3,16.3,18.9,19.1
524.6,0.2494,16.3,16.3,19,19.1
527.8,0.2494,16.3,16.3,19,19.2
533.1,0.2494,16.4,16.4,19,19.2
536.2,0.2494,16.4,16.4,19,19.2
541.5,0.2494,16.4,16.4,19.1,19.2
544.9,0.2494,16.4,16.5,19.1,19.2
549.1,0.2494,16.5,16.5,19.1,19.3
552.2,0.2494,16.5,16.5,19.1,19.3
556.9,0.2494,16.5,16.5,19.1,19.3
560.1,0.2494,16.6,16.6,19.2,19.3
563.3,0.2494,16.6,16.6,19.2,19.4
566.5,0.2494,16.6,16.6,19.2,19.4
570.1,0.2494,16.6,16.7,19.2,19.4
573.6,0.2494,16.7,16.7,19.3,19.4
577,0.2494,16.7,16.7,19.3,19.4
580.1,0.2494,16.7,16.7,19.3,19.5
583.2,0.2494,16.7,16.8,19.3,19.5
586.4,0.2494,16.8,16.8,19.3,19.5
591.7,0.2494,16.8,16.8,19.4,19.5
595,0.2494,16.8,16.9,19.4,19.5
598.1,0.2494,16.8,16.9,19.4,19.6
601.3,0.2494,16.9,16.9,19.4,19.6
604.5,0.2494,16.9,16.9,19.4,19.6
607.9,0.2494,16.9,16.9,19.4,19.6
613.2,0.2494,17,17,19.5,19.7
616.3,0.2494,17,17,19.5,19.7
620.8,0.2494,17,17,19.5,19.7
623.8,0.2494,17,17.1,19.6,19.7
627,0.2494,17,17.1,19.6,19.7
632.2,0.2494,17.1,17.1,19.6,19.8
635.7,0.2494,17.1,17.2,19.6,19.8
640.9,0.2494,17.1,17.2,19.7,19.8
644.3,0.2494,17.2,17.2,19.7,19.9
647.8,0.2494,17.2,17.2,19.7,19.9
653,0.2494,17.2,17.3,19.7,19.9
656.2,0.2494,17.3,17.3,19.8,19.9
659.6,0.2494,17.3,17.3,19.8,20
662.6,0.2494,17.3,17.3,19.8,20
665.9,0.2494,17.3,17.4,19.8,20
669,0.2494,17.3,17.4,19.8,20
673.1,0.2494,17.4,17.4,19.8,20
676.3,0.2494,17.4,17.5,19.9,20.1
679.6,0.2494,17.4,17.5,19.9,20.1
682.8,0.2494,17.4,17.5,19.9,20.1
686.7,0.2494,17.5,17.5,19.9,20.1
689.9,0.2494,17.5,17.5,19.9,20.1
695,0.2494,17.5,17.6,20,20.2
698.2,0.2494,17.5,17.6,20,20.2
701.5,0.2494,17.6,17.6,20,20.2
704.7,0.2494,17.6,17.6,20,20.2
709.3,0.2494,17.6,17.7,20.1,20.3
712.5,0.2494,17.6,17.7,20.1,20.3
717.2,0.2494,17.7,17.7,20.1,20.3
720.4,0.2494,17.7,17.8,20.1,20.3
725.1,0.2494,17.7,17.8,20.1,20.3
728.2,0.2494,17.7,17.8,20.2,20.4
733,0.2494,17.8,17.8,20.2,20.4
736.1,0.2494,17.8,17.8,20.2,20.4
739.3,0.2494,17.8,17.9,20.2,20.4
742.5,0.2494,17.8,17.9,20.3,20.4
746.8,0.2494,17.8,17.9,20.3,20.5
750,0.2494,17.9,17.9,20.3,20.5
753.1,0.2494,17.9,18,20.3,20.5
756.3,0.2494,17.9,18,20.3,20.5
759.4,0.2494,17.9,18,20.4,20.5
762.5,0.2494,17.9,18,20.4,20.6
765.7,0.2494,18,18.1,20.4,20.6
768.9,0.2494,18,18.1,20.4,20.6
772.1,0.2494,18,18.1,20.4,20.6
775.3,0.2494,18,18.1,20.4,20.7
778.4,0.2494,18,18.1,20.5,20.7
781.5,0.2494,18.1,18.2,20.5,20.7
784.7,0.2494,18.1,18.2,20.5,20.7
787.8,0.2494,18.1,18.2,20.5,20.7
793,0.2494,18.1,18.2,20.6,20.8
796.2,0.2494,18.1,18.2,20.6,20.8
799.2,0.2494,18.2,18.3,20.6,20.8
802.4,0.2494,18.2,18.3,20.6,20.8
805.5,0.2494,18.2,18.3,20.6,20.8
808.7,0.2494,18.2,18.3,20.7,20.8
812.9,0.2494,18.2,18.4,20.7,20.9
816.1,0.2494,18.3,18.4,20.7,20.9
819.3,0.2494,18.3,18.4,20.7,20.9
822.4,0.2494,18.3,18.4,20.7,20.9
825.5,0.2494,18.3,18.4,20.7,21
828.6,0.2494,18.3,18.5,20.8,21
831.8,0.2494,18.4,18.5,20.8,21
835,0.2494,18.4,18.5,20.8,21
838.1,0.2494,18.4,18.5,20.8,21
841.3,0.2494,18.4,18.5,20.8,21
844.4,0.2494,18.4,18.5,20.9,21.1
849.7,0.2494,18.5,18.6,20.9,21.1
852.9,0.2494,18.5,18.6,20.9,21.1
856,0.2494,18.5,18.6,20.9,21.1
859.2,0.2494,18.5,18.6,21,21.1
862.4,0.2494,18.5,18.7,21,21.2
865.6,0.2494,18.6,18.7,21,21.2
868.8,0.2494,18.6,18.7,21,21.2
872,0.2494,18.6,18.7,21,21.2
875.1,0.2494,18.6,18.7,21,21.2
878.4,0.2494,18.6,18.8,21.1,21.3
881.6,0.2494,18.7,18.8,21.1,21.3
884.8,0.2494,18.7,18.8,21.1,21.3
887.9,0.2494,18.7,18.8,21.1,21.3
891,0.2494,18.7,18.8,21.1,21.3
895,0.2494,18.7,18.9,21.1,21.3
898.3,0.2494,18.8,18.9,21.2,21.4
901.5,0.2494,18.8,18.9,21.2,21.4
904.6,0.2494,18.8,18.9,21.2,21.4
907.7,0.2494,18.8,18.9,21.2,21.4
910.9,0.2494,18.8,19,21.2,21.5
914.8,0.2494,18.8,19,21.3,21.5
918.1,0.2494,18.9,19,21.3,21.5
922.7,0.2494,18.9,19,21.3,21.5
925.9,0.2494,18.9,19.1,21.3,21.6
929.1,0.2494,18.9,19.1,21.4,21.6
932.3,0.2494,19,19.1,21.4,21.6
935.5,0.2494,19,19.1,21.4,21.6
938.6,0.2494,19,19.1,21.4,21.6
941.8,0.2494,19,19.1,21.4,21.6
945,0.2494,19,19.2,21.4,21.6
948.2,0.2494,19,19.2,21.5,21.7
952.4,0.2494,19.1,19.2,21.5,21.7
955.6,0.2494,19.1,19.2,21.5,21.7
958.8,0.2494,19.1,19.2,21.5,21.7
962,0.2494,19.1,19.3,21.6,21.8
965.1,0.2494,19.1,19.3,21.6,21.8
968.3,0.2494,19.2,19.3,21.6,21.8
971.6,0.2494,19.2,19.3,21.6,21.8
974.8,0.2494,19.2,19.3,21.6,21.8
978.2,0.2494,19.2,19.4,21.6,21.8
981.4,0.2494,19.2,19.4,21.7,21.9
984.6,0.2494,19.2,19.4,21.7,21.9
987.8,0.2494,19.3,19.4,21.7,21.9
990.9,0.2494,19.3,19.4,21.7,21.9
994.2,0.2494,19.3,19.5,21.7,21.9
997.4,0.2494,19.3,19.5,21.7,21.9
1000.6,0.2494,19.3,19.5,21.8,22
1004.9,0.2494,19.4,19.5,21.8,22
1008,0.2494,19.4,19.5,21.8,22
1011.2,0.2494,19.4,19.5,21.8,22
1014.5,0.2494,19.4,19.6,21.8,22.1
1017.7,0.2494,19.4,19.6,21.9,22.1
1020.9,0.2494,19.4,19.6,21.9,22.1
1024.3,0.2494,19.5,19.6,21.9,22.1
1028.7,0.2494,19.5,19.7,21.9,22.1
1031.9,0.2494,19.5,19.7,21.9,22.1
1035.2,0.2494,19.5,19.7,22,22.2
1038.4,0.2494,19.5,19.7,22,22.2
1042.9,0.2494,19.6,19.7,22,22.2
1046.1,0.2494,19.6,19.8,22,22.2
1049.4,0.2494,19.6,19.8,22,22.2
1052.6,0.2494,19.6,19.8,22.1,22.2
1056.8,0.2494,19.6,19.8,22.1,22.3
1060.1,0.2494,19.7,19.8,22.1,22.3
1063.3,0.2494,19.7,19.9,22.1,22.3
1068.5,0.2494,19.7,19.9,22.1,22.3
1071.7,0.2494,19.7,19.9,22.1,22.4
1075.1,0.2494,19.7,19.9,22.2,22.4
1078.3,0.2494,19.8,19.9,22.2,22.4
1083.6,0.2494,19.8,20,22.2,22.4
1086.9,0.2494,19.8,20,22.2,22.4
1090.1,0.2494,19.8,20,22.2,22.5
1094.9,0.2494,19.9,20,22.3,22.5
1098.1,0.2494,19.9,20.1,22.3,22.5
1101.3,0.2494,19.9,20.1,22.3,22.5
1104.6,0.2494,19.9,20.1,22.3,22.5
1108.5,0.2494,19.9,20.1,22.3,22.5
1111.7,0.2494,19.9,20.1,22.4,22.6
1115,0.2494,20,20.2,22.4,22.6
1118.5,0.2494,20,20.2,22.4,22.6
1122.2,0.2494,20,20.2,22.4,22.6
1125.5,0.2494,20,20.2,22.4,22.6
1129.8,0.2494,20,20.3,22.5,22.7
1133.5,0.2494,20.1,20.3,22.5,22.7
1137,0.2494,20.1,20.3,22.5,22.7
1146.9,0.2494,20.1,20.3,22.5,22.8
1150.6,0.2494,20.2,20.4,22.6,22.8
1154.5,0.2494,20.2,20.4,22.6,22.8
1157.9,0.2494,20.2,20.4,22.6,22.8
1161.1,0.2494,20.2,20.4,22.6,22.8
1164.5,0.2494,20.2,20.5,22.6,22.8
1167.8,0.2494,20.2,20.5,22.6,22.9
1171.1,0.2494,20.3,20.5,22.7,22.9
1176.5,0.2494,20.3,20.5,22.7,22.9
1179.7,0.2494,20.3,20.5,22.7,22.9
1182.9,0.2494,20.3,20.6,22.7,22.9
1187.2,0.2494,20.4,20.6,22.7,22.9
1190.4,0.2494,20.4,20.6,22.8,23
1193.7,0.2494,20.4,20.6,22.8,23
1196.9,0.2494,20.4,20.6,22.8,23
1200.1,0.2494,20.4,20.7,22.8,23
1203.3,0.2494,20.4,20.7,22.8,23
1206.6,0.2494,20.4,20.7,22.8,23
1210.1,0.2494,20.5,20.7,22.9,23.1
1213.5,0.2494,20.5,20.7,22.9,23.1
1216.7,0.2494,20.5,20.8,22.9,23.1
1220,0.2494,20.5,20.8,22.9,23.1
1223.2,0.2494,20.6,20.8,22.9,23.2
1227.1,0.2494,20.6,20.8,22.9,23.2
1230.3,0.2494,20.6,20.8,23,23.2
1233.6,0.2494,20.6,20.9,23,23.2
1236.9,0.2494,20.6,20.9,23,23.2
1240.1,0.2494,20.6,20.9,23,23.2
1243.4,0.2494,20.6,20.9,23,23.2
1246.7,0.2494,20.7,20.9,23,23.2
1249.8,0.2494,20.7,21,23.1,23.3
1253.1,0.2494,20.7,21,23.1,23.3
1256.3,0.2494,20.7,21,23.1,23.3
1259.6,0.2494,20.7,21,23.1,23.3
1262.9,0.2494,20.8,21,23.1,23.3
1266.2,0.2494,20.8,21,23.1,23.3
1269.4,0.2494,20.8,21.1,23.2,23.4
1273.7,0.2494,20.8,21.1,23.2,23.4
1276.9,0.2494,20.8,21.1,23.2,23.4
1280.2,0.2494,20.8,21.1,23.2,23.4
1283.4,0.2494,20.9,21.2,23.2,23.5
1286.7,0.2494,20.9,21.2,23.3,23.5
1290,0.2494,20.9,21.2,23.3,23.5
1293.3,0.2494,20.9,21.2,23.3,23.5
1296.6,0.2494,20.9,21.2,23.3,23.5
1300,0.2494,21,21.2,23.3,23.5
1303.3,0.2494,21,21.2,23.3,23.5
1306.6,0.2494,21,21.3,23.3,23.6
1309.8,0.2494,21,21.3,23.4,23.6
1313.1,0.2494,21,21.3,23.4,23.6
1316.4,0.2494,21.1,21.3,23.4,23.6
1319.7,0.2494,21.1,21.4,23.4,23.6
1323.1,0.2494,21.1,21.4,23.4,23.6
1326.3,0.2494,21.1,21.4,23.4,23.6
1329.6,0.2494,21.1,21.4,23.5,23.7
1332.9,0.2494,21.1,21.4,23.5,23.7
1336.2,0.2494,21.2,21.4,23.5,23.7
1339.5,0.2494,21.2,21.5,23.5,23.7
1342.8,0.2494,21.2,21.5,23.5,23.7
1348.2,0.2494,21.2,21.5,23.5,23.7
1351.5,0.2494,21.2,21.5,23.5,23.8
1355,0.2494,21.3,21.6,23.6,23.8
1358.3,0.2494,21.3,21.6,23.6,23.8
1361.8,0.2494,21.3,21.6,23.6,23.8
1365,0.2494,21.3,21.6,23.6,23.8
1370.5,0.2494,21.3,21.6,23.6,23.9
1373.7,0.2494,21.4,21.7,23.6,23.9
1377.1,0.2494,21.4,21.7,23.7,23.9
1380.5,0.2494,21.4,21.7,23.7,23.9
1385.8,0.2494,21.4,21.7,23.7,23.9
1389.3,0.2494,21.4,21.7,23.7,23.9
1392.6,0.2494,21.4,21.8,23.7,24
1395.9,0.2494,21.5,21.8,23.8,24
1399.2,0.2494,21.5,21.8,23.8,24
1402.5,0.2494,21.5,21.8,23.8,24
1405.8,0.2494,21.5,21.8,23.8,24
1409.1,0.2494,21.6,21.9,23.8,24
1412.5,0.2494,21.5,21.9,23.8,24
1415.8,0.2494,21.6,21.9,23.8,24.1
1419.3,0.2494,21.6,21.9,23.9,24.1
1422.9,0.2494,21.6,21.9,23.9,24.1
1426.2,0.2494,21.6,22,23.9,24.1
1429.5,0.2494,21.6,22,23.9,24.1
1432.9,0.2494,21.7,22,23.9,24.1
1436.3,0.2494,21.7,22,23.9,24.2
1439.6,0.2494,21.7,22,24,24.2
1445,0.2494,21.7,22,24,24.2
1448.4,0.2494,21.7,22.1,24,24.2
1451.7,0.2494,21.8,22.1,24,24.2
1455.1,0.2494,21.8,22.1,24,24.2
1458.5,0.2494,21.8,22.1,24,24.3
1461.9,0.2494,21.8,22.1,24.1,24.3
1466.2,0.2494,21.8,22.2,24.1,24.3
1469.5,0.2494,21.8,22.2,24.1,24.3
1472.8,0.2494,21.9,22.2,24.1,24.3
1476.1,0.2494,21.9,22.2,24.1,24.3
1479.4,0.2494,21.9,22.2,24.1,24.3
1482.8,0.2494,21.9,22.3,24.1,24.4
1486.2,0.2494,21.9,22.3,24.2,24.4
1489.5,0.2494,21.9,22.3,24.2,24.4
1493.1,0.2494,22,22.3,24.2,24.4
1496.4,0.2494,22,22.3,24.2,24.4
1499.9,0.2494,22,22.3,24.2,24.5
1503.3,0.2494,22,22.4,24.2,24.5
1506.7,0.2494,22,22.4,24.3,24.5
1510.1,0.2494,22.1,22.4,24.3,24.5
1513.4,0.2494,22.1,22.4,24.3,24.5
1518.9,0.2494,22.1,22.4,24.3,24.5
1522.2,0.2494,22.1,22.5,24.3,24.5
1525.5,0.2494,22.1,22.5,24.3,24.5
1529,0.2494,22.2,22.5,24.4,24.6
1532.4,0.2494,22.2,22.5,24.4,24.6
1535.8,0.2494,22.2,22.5,24.4,24.6
1539.2,0.2494,22.2,22.5,24.4,24.6
1544.7,0.2494,22.2,22.6,24.4,24.6
1548.1,0.2494,22.2,22.6,24.4,24.7
1551.5,0.2494,22.3,22.6,24.5,24.7
1554.9,0.2494,22.3,22.6,24.5,24.7
1558.2,0.2494,22.3,22.6,24.5,24.7
1561.6,0.2494,22.3,22.7,24.5,24.7
1565,0.2494,22.3,22.7,24.5,24.7
1568.4,0.2494,22.3,22.7,24.5,24.8
1572.8,0.2494,22.4,22.7,24.6,24.8
1576.2,0.2494,22.4,22.7,24.6,24.8
1579.6,0.2494,22.4,22.7,24.6,24.8
1582.9,0.2494,22.4,22.8,24.6,24.8
1586.3,0.2494,22.4,22.8,24.6,24.8
1589.9,0.2494,22.4,22.8,24.6,24.8
1593.3,0.2494,22.5,22.8,24.6,24.8
1597.2,0.2494,22.5,22.8,24.6,24.9
1600.6,0.2494,22.5,22.9,24.7,24.9
1604,0.2494,22.5,22.9,24.7,24.9
1607.4,0.2494,22.5,22.9,24.7,24.9
1610.8,0.2494,22.5,22.9,24.7,24.9
1615.5,0.2494,22.6,22.9,24.7,24.9
1618.9,0.2494,22.6,22.9,24.7,25
1622.3,0.2494,22.6,23,24.8,25
1625.6,0.2494,22.6,23,24.8,25
1629,0.2494,22.6,23,24.8,25
1632.3,0.2494,22.6,23,24.8,25
1635.7,0.2494,22.6,23,24.8,25
1639.1,0.2494,22.7,23,24.8,25
1643.6,0.2494,22.7,23.1,24.8,25.1
1647,0.2494,22.7,23.1,24.9,25.1
1650.5,0.2494,22.7,23.1,24.9,25.1
1653.8,0.2494,22.7,23.1,24.9,25.1
1657.2,0.2494,22.8,23.2,24.9,25.1
1660.6,0.2494,22.8,23.2,24.9,25.1
1664,0.2494,22.8,23.2,24.9,25.1
1667.4,0.2494,22.8,23.2,24.9,25.2
1670.8,0.2494,22.8,23.2,24.9,25.2
1674.2,0.2494,22.8,23.2,25,25.2
1677.6,0.2494,22.9,23.2,25,25.2
1681,0.2494,22.9,23.3,25,25.2
1686.5,0.2494,22.9,23.3,25,25.3
1690,0.2494,22.9,23.3,25,25.3
1693.3,0.2494,22.9,23.3,25,25.3
1696.7,0.2494,22.9,23.3,25.1,25.3
1700,0.2494,22.9,23.3,25.1,25.3
1703.5,0.2494,23,23.4,25.1,25.3
1706.9,0.2494,23,23.4,25.1,25.3
1710.3,0.2494,23,23.4,25.1,25.3
1713.8,0.2494,23,23.4,25.1,25.4
1717.1,0.2494,23,23.4,25.1,25.4
1720.7,0.2494,23.1,23.5,25.2,25.4
1726,0.2494,23.1,23.5,25.2,25.4
1729.3,0.2494,23.1,23.5,25.2,25.4
1732.8,0.2494,23.1,23.5,25.2,25.4
1736.2,0.2494,23.1,23.5,25.2,25.5
1739.7,0.2494,23.1,23.5,25.2,25.5
1743.1,0.2494,23.1,23.6,25.3,25.5
1746.4,0.2494,23.2,23.6,25.3,25.5
1749.7,0.2494,23.2,23.6,25.3,25.5
1753,0.2494,23.2,23.6,25.3,25.5
1756.3,0.2494,23.2,23.6,25.3,25.5
1759.8,0.2494,23.2,23.6,25.3,25.5
1763.2,0.2494,23.2,23.6,25.3,25.6
1766.6,0.2494,23.2,23.7,25.3,25.6
1770.2,0.2494,23.3,23.7,25.4,25.6
1773.6,0.2494,23.3,23.7,25.4,25.6
1777,0.2494,23.3,23.7,25.4,25.6
1780.6,0.2494,23.3,23.7,25.4,25.6
1786,0.2494,23.3,23.7,25.4,25.6
1789.3,0.2494,23.4,23.8,25.4,25.7
1792.8,0.2494,23.4,23.8,25.5,25.7
1796.2,0.2494,23.4,23.8,25.5,25.7
1799.8,0.2494,23.4,23.8,25.5,25.7
1803.4,0.2494,23.4,23.8,25.5,25.7
1806.9,0.2494,23.4,23.8,25.5,25.7
1810.2,0.2494,23.4,23.9,25.5,25.7
1815.7,0.2494,23.5,23.9,25.5,25.8
1819.2,0.2494,23.5,23.9,25.6,25.8
1822.6,0.2494,23.5,23.9,25.6,25.8
1826.1,0.2494,23.5,24,25.6,25.8
1829.5,0.2494,23.5,24,25.6,25.8
1833.2,0.2494,23.5,24,25.6,25.8
1838.6,0.2494,23.6,24,25.6,25.9
1842.1,0.2494,23.6,24,25.6,25.9
1845.6,0.2494,23.6,24,25.7,25.9
1849.2,0.2494,23.6,24.1,25.7,25.9
1852.6,0.2494,23.6,24,25.7,25.9
1856.1,0.2494,23.6,24.1,25.7,25.9
1859.5,0.2494,23.7,24.1,25.7,25.9
1863,0.2494,23.7,24.1,25.7,26
1866.4,0.2494,23.7,24.1,25.7,26
1869.8,0.2494,23.7,24.1,25.8,26
1873.2,0.2494,23.7,24.2,25.8,26
1876.7,0.2494,23.7,24.2,25.8,26
1882.2,0.2494,23.7,24.2,25.8,26
1885.7,0.2494,23.8,24.2,25.8,26
1889.6,0.2494,23.8,24.2,25.8,26.1
1893.1,0.2494,23.8,24.2,25.8,26.1
1896.6,0.2494,23.8,24.2,25.9,26.1
1900.1,0.2494,23.8,24.3,25.9,26.1
1903.6,0.2494,23.8,24.3,25.9,26.1
1909,0.2494,23.9,24.3,25.9,26.1
1912.6,0.2494,23.9,24.3,25.9,26.1
1916,0.2494,23.9,24.3,25.9,26.2
1919.6,0.2494,23.9,24.4,25.9,26.2
1923.5,0.2494,23.9,24.4,26,26.2
1927,0.2494,23.9,24.4,26,26.2
1930.5,0.2494,24,24.4,26,26.2
1934,0.2494,24,24.4,26,26.2
1937.4,0.2494,24,24.4,26,26.2
1943,0.2494,24,24.5,26,26.3
1946.5,0.2494,24,24.5,26.1,26.3
1950.1,0.2494,24,24.5,26.1,26.3
1953.7,0.2494,24.1,24.5,26.1,26.3
1957.2,0.2494,24.1,24.5,26.1,26.3
1960.8,0.2494,24.1,24.5,26.1,26.3
1964.3,0.2494,24.1,24.6,26.1,26.4
1967.8,0.2494,24.1,24.6,26.1,26.4
1971.6,0.2494,24.1,24.6,26.2,26.4
1975.1,0.2494,24.1,24.6,26.2,26.4
1978.5,0.2494,24.2,24.6,26.2,26.4
1982.3,0.2494,24.2,24.6,26.2,26.4
1985.8,0.2494,24.2,24.6,26.2,26.4
1989.3,0.2494,24.2,24.7,26.2,26.4
1992.9,0.2494,24.2,24.7,26.2,26.4
1996.3,0.2494,24.2,24.7,26.2,26.5
1999.8,0.2494,24.2,24.7,26.2,26.5
2003.5,0.2494,24.2,24.7,26.3,26.5
2007,0.2494,24.3,24.7,26.3,26.5
2010.6,0.2494,24.3,24.7,26.3,26.5
2014.3,0.2494,24.3,24.8,26.3,26.5
2017.8,0.2494,24.3,24.8,26.3,26.5
2021.4,0.2494,24.3,24.8,26.3,26.6
2025.1,0.2494,24.3,24.8,26.3,26.6
2030.6,0.2494,24.4,24.8,26.4,26.6
2034.1,0.2494,24.4,24.8,26.4,26.6
2037.7,0.2494,24.4,24.9,26.4,26.6
2041.4,0.2494,24.4,24.9,26.4,26.6
2047,0.2494,24.4,24.9,26.4,26.6
2050.5,0.2494,24.4,24.9,26.4,26.7
2054.8,0.2494,24.5,24.9,26.4,26.7
2058.3,0.2494,24.5,25,26.4,26.7
2061.8,0.2494,24.5,25,26.5,26.7
2065.4,0.2494,24.5,25,26.5,26.7
2068.9,0.2494,24.5,25,26.5,26.7
2072.4,0.2494,24.5,25,26.5,26.7
2076.1,0.2494,24.5,25,26.5,26.7
2079.8,0.2494,24.6,25,26.5,26.8
2083.3,0.2494,24.6,25,26.5,26.8
2086.9,0.2494,24.6,25.1,26.5,26.8
2090.8,0.2494,24.6,25.1,26.6,26.8
2094.3,0.2494,24.6,25.1,26.6,26.8
2098,0.2494,24.6,25.1,26.6,26.8
2101.8,0.2494,24.6,25.1,26.6,26.8
2105.3,0.2494,24.6,25.1,26.6,26.8
2108.8,0.2494,24.7,25.1,26.6,26.9
2112.4,0.2494,24.7,25.2,26.6,26.9
2118,0.2494,24.7,25.2,26.7,26.9
2121.5,0.2494,24.7,25.2,26.7,26.9
2125.1,0.2494,24.7,25.2,26.7,26.9
2128.6,0.2494,24.7,25.2,26.7,26.9
2132.2,0.2494,24.8,25.2,26.7,26.9
2135.8,0.2494,24.8,25.3,26.7,26.9
2139.3,0.2494,24.8,25.3,26.7,27
2143,0.2494,24.8,25.3,26.7,27
2146.5,0.2494,24.8,25.3,26.8,27
2150.1,0.2494,24.8,25.3,26.8,27
2153.7,0.2494,24.8,25.3,26.8,27
2157.2,0.2494,24.9,25.4,26.8,27
2160.9,0.2494,24.9,25.4,26.8,27
2164.5,0.2494,24.9,25.4,26.8,27.1
2169.1,0.2494,24.9,25.4,26.8,27.1
2172.6,0.2494,24.9,25.4,26.8,27.1
2176.2,0.2494,24.9,25.4,26.9,27.1
2179.8,0.2494,24.9,25.4,26.9,27.1
2183.4,0.2494,24.9,25.4,26.9,27.1
2188.1,0.2494,25,25.5,26.9,27.1
2191.6,0.2494,25,25.5,26.9,27.1
2195.3,0.2494,25,25.5,26.9,27.2
2198.8,0.2494,25,25.5,27,27.2
2202.5,0.2494,25,25.5,27,27.2
2206.2,0.2494,25,25.5,27,27.2
2209.7,0.2494,25,25.6,27,27.2
2213.5,0.2494,25.1,25.6,27,27.2
2217.2,0.2494,25.1,25.6,27,27.2
2220.7,0.2494,25.1,25.6,27,27.3
2224.3,0.2494,25.1,25.6,27,27.3
2228,0.2494,25.1,25.6,27,27.3
2231.5,0.2494,25.1,25.6,27,27.3
2235.1,0.2494,25.1,25.7,27.1,27.3
2238.6,0.2494,25.1,25.7,27.1,27.3
2242.3,0.2494,25.2,25.7,27.1,27.3
2245.8,0.2494,25.2,25.7,27.1,27.3
2249.4,0.2494,25.2,25.7,27.1,27.3
2253,0.2494,25.2,25.7,27.1,27.4
2256.5,0.2494,25.2,25.7,27.1,27.4
2260.2,0.2494,25.2,25.8,27.1,27.4
2264.2,0.2494,25.2,25.8,27.2,27.4
2267.8,0.2494,25.3,25.8,27.2,27.4
2271.4,0.2494,25.3,25.8,27.2,27.4
2275.3,0.2494,25.3,25.8,27.2,27.4
2278.8,0.2494,25.3,25.8,27.2,27.4
2282.3,0.2494,25.3,25.8,27.2,27.5
2286.1,0.2494,25.3,25.9,27.2,27.5
2289.7,0.2494,25.3,25.9,27.2,27.5
2293.4,0.2494,25.3,25.9,27.3,27.5
2297.1,0.2494,25.4,25.9,27.3,27.5
2300.8,0.2494,25.4,25.9,27.3,27.5
2304.4,0.2494,25.4,25.9,27.3,27.5
2308,0.2494,25.4,25.9,27.3,27.5
2311.6,0.2494,25.4,26,27.3,27.6
2315.3,0.2494,25.4,26,27.3,27.6
2318.9,0.2494,25.4,26,27.3,27.6
2324.6,0.2494,25.5,26,27.3,27.6
2328.2,0.2494,25.5,26,27.4,27.6
2331.7,0.2494,25.5,26,27.4,27.6
2335.3,0.2494,25.5,26,27.4,27.6
2338.9,0.2494,25.5,26.1,27.4,27.6
2342.7,0.2494,25.5,26.1,27.4,27.6
2346.4,0.2494,25.5,26.1,27.4,27.7
2350.2,0.2494,25.5,26.1,27.4,27.7
2353.7,0.2494,25.6,26.1,27.4,27.7
2357.3,0.2494,25.6,26.1,27.5,27.7
2361,0.2494,25.6,26.1,27.5,27.7
2364.6,0.2494,25.6,26.2,27.5,27.7
2368.2,0.2494,25.6,26.2,27.5,27.7
2371.9,0.2494,25.6,26.2,27.5,27.8
2375.6,0.2494,25.6,26.2,27.5,27.8
2379.2,0.2494,25.7,26.2,27.5,27.8
2382.8,0.2494,25.7,26.2,27.5,27.8
2386.6,0.2494,25.7,26.2,27.6,27.8
2390.4,0.2494,25.7,26.3,27.6,27.8
2394,0.2494,25.7,26.3,27.6,27.8
2397.9,0.2494,25.7,26.3,27.6,27.8
2401.6,0.2494,25.7,26.3,27.6,27.8
2405.3,0.2494,25.7,26.3,27.6,27.8
2408.8,0.2494,25.8,26.3,27.6,27.9
2412.6,0.2494,25.8,26.3,27.6,27.9
2416.2,0.2494,25.8,26.4,27.6,27.9
2419.9,0.2494,25.8,26.3,27.7,27.9
2423.6,0.2494,25.8,26.4,27.7,27.9
2427.2,0.2494,25.8,26.4,27.7,27.9
2430.8,0.2494,25.8,26.4,27.7,27.9
2434.5,0.2494,25.8,26.4,27.7,27.9
2438.2,0.2494,25.8,26.4,27.7,27.9
2441.9,0.2494,25.9,26.4,27.7,28
2445.8,0.2494,25.9,26.5,27.7,28
2449.6,0.2494,25.9,26.5,27.7,28
2453.4,0.2494,25.9,26.5,27.8,28
2457.1,0.2494,25.9,26.5,27.8,28
2460.8,0.2494,25.9,26.5,27.8,28
2464.5,0.2494,25.9,26.5,27.8,28
2468.1,0.2494,26,26.5,27.8,28.1
2471.9,0.2494,26,26.5,27.8,28.1
2475.5,0.2494,26,26.5,27.8,28.1
2479.1,0.2494,26,26.6,27.8,28.1
2482.8,0.2494,26,26.6,27.8,28.1
2486.5,0.2494,26,26.6,27.9,28.1
2490.3,0.2494,26,26.6,27.9,28.1
2496.1,0.2494,26,26.6,27.9,28.1
2499.8,0.2494,26.1,26.6,27.9,28.1
2504.6,0.2494,26.1,26.6,27.9,28.2
2508.2,0.2494,26.1,26.7,27.9,28.2
2511.9,0.2494,26.1,26.7,27.9,28.2
2515.5,0.2494,26.1,26.7,27.9,28.2
2519.2,0.2494,26.1,26.7,28,28.2
2525.1,0.2494,26.1,26.7,28,28.2
2528.8,0.2494,26.1,26.7,28,28.2
2532.5,0.2494,26.2,26.7,28,28.2
2536.2,0.2494,26.2,26.8,28,28.2
2540.1,0.2494,26.2,26.8,28,28.3
2543.8,0.2494,26.2,26.8,28,28.3
2547.4,0.2494,26.2,26.8,28,28.3
2551.3,0.2494,26.2,26.8,28.1,28.3
2555,0.2494,26.2,26.8,28.1,28.3
2558.6,0.2494,26.3,26.8,28.1,28.3
2562.3,0.2494,26.3,26.9,28.1,28.3
2566.1,0.2494,26.3,26.9,28.1,28.3
2569.7,0.2494,26.3,26.9,28.1,28.3
2573.4,0.2494,26.3,26.9,28.1,28.3
2579.2,0.2494,26.3,26.9,28.1,28.4
2583,0.2494,26.3,26.9,28.1,28.4
2587.9,0.2494,26.4,26.9,28.1,28.4
2591.5,0.2494,26.4,27,28.2,28.4
2595.3,0.2494,26.4,27,28.2,28.4
2599,0.2494,26.4,27,28.2,28.4
2602.9,0.2494,26.4,27,28.2,28.4
2606.9,0.2494,26.4,27,28.2,28.5
2610.7,0.2494,26.4,27,28.2,28.5
2614.4,0.2494,26.4,27,28.2,28.5
2618.4,0.2494,26.4,27,28.3,28.5
2622.5,0.2494,26.5,27.1,28.3,28.5
2626.4,0.2494,26.5,27.1,28.3,28.5
2630.2,0.2494,26.5,27.1,28.3,28.5
2635.1,0.2494,26.5,27.1,28.3,28.5
2638.9,0.2494,26.5,27.1,28.3,28.5
2642.6,0.2494,26.5,27.1,28.3,28.5
2646.4,0.2494,26.5,27.1,28.3,28.5
2650.1,0.2494,26.5,27.1,28.3,28.6
2654,0.2494,26.5,27.2,28.3,28.6
2659.7,0.2494,26.6,27.2,28.4,28.6
2663.5,0.2494,26.6,27.2,28.4,28.6
2667.2,0.2494,26.6,27.2,28.4,28.6
2670.9,0.2494,26.6,27.2,28.4,28.6
2674.6,0.2494,26.6,27.2,28.4,28.6
2678.4,0.2494,26.6,27.2,28.4,28.7
2682.2,0.2494,26.6,27.2,28.4,28.7
2685.9,0.2494,26.6,27.3,28.4,28.7
2689.8,0.2494,26.7,27.3,28.4,28.7
2693.6,0.2494,26.7,27.3,28.4,28.7
2697.3,0.2494,26.7,27.3,28.5,28.7
2700.9,0.2494,26.7,27.3,28.5,28.7
2705.6,0.2494,26.7,27.3,28.5,28.8
2709.4,0.2494,26.7,27.3,28.5,28.8
2713.3,0.2494,26.7,27.3,28.5,28.8
2717.1,0.2494,26.7,27.4,28.5,28.8
2720.8,0.2494,26.8,27.4,28.5,28.8
2724.7,0.2494,26.8,27.4,28.5,28.8
2729,0.2494,26.8,27.4,28.6,28.8
2732.8,0.2494,26.8,27.4,28.6,28.8
2736.7,0.2494,26.8,27.4,28.6,28.8
2740.5,0.2494,26.8,27.4,28.6,28.8
2744.2,0.2494,26.8,27.4,28.6,28.8
2748.2,0.2494,26.8,27.4,28.6,28.9
2754.1,0.2494,26.8,27.5,28.6,28.9
2757.8,0.2494,26.8,27.5,28.6,28.9
2761.8,0.2494,26.9,27.5,28.7,28.9
2765.5,0.2494,26.9,27.5,28.7,28.9
2769.3,0.2494,26.9,27.5,28.7,28.9
2773.1,0.2494,26.9,27.5,28.7,28.9
2777,0.2494,26.9,27.5,28.7,28.9
2780.7,0.2494,26.9,27.6,28.7,28.9
2784.6,0.2494,26.9,27.6,28.7,28.9
2788.5,0.2494,27,27.6,28.7,29
2792.4,0.2494,27,27.6,28.7,29
2796.3,0.2494,27,27.6,28.7,29
2800,0.2494,27,27.6,28.7,29
2804,0.2494,27,27.6,28.8,29
2808.1,0.2494,27,27.6,28.8,29
2812.1,0.2494,27,27.6,28.8,29
2816,0.2494,27,27.7,28.8,29
2820.1,0.2494,27,27.7,28.8,29
2824.2,0.2494,27,27.7,28.8,29.1
2828.2,0.2494,27.1,27.7,28.8,29.1
2832.2,0.2494,27.1,27.7,28.8,29.1
2836.2,0.2494,27.1,27.7,28.8,29.1
2840,0.2494,27.1,27.7,28.9,29.1
2843.9,0.2494,27.1,27.7,28.9,29.1
2847.9,0.2494,27.1,27.8,28.9,29.1
2852.1,0.2494,27.1,27.8,28.9,29.2
2858,0.2494,27.1,27.8,28.9,29.2
2861.9,0.2494,27.2,27.8,28.9,29.2
2865.9,0.2494,27.2,27.8,28.9,29.2
2869.7,0.2494,27.2,27.8,28.9,29.2
2873.5,0.2494,27.2,27.8,29,29.2
2877.5,0.2494,27.2,27.8,29,29.2
2881.3,0.2494,27.2,27.9,29,29.2
2885.3,0.2494,27.2,27.9,29,29.2
2889.3,0.2494,27.2,27.9,29,29.2
2893.1,0.2494,27.2,27.9,29,29.2
2897,0.2494,27.2,27.9,29,29.3
2900.8,0.2494,27.3,27.9,29,29.3
2904.8,0.2494,27.3,27.9,29,29.3
2908.8,0.2494,27.3,27.9,29,29.3
2912.8,0.2494,27.3,28,29.1,29.3
2916.7,0.2494,27.3,28,29.1,29.3
2920.7,0.2494,27.3,28,29.1,29.3
2924.9,0.2494,27.3,28,29.1,29.3
2928.7,0.2494,27.3,28,29.1,29.3
2932.7,0.2494,27.3,28,29.1,29.4
2936.6,0.2494,27.4,28,29.1,29.4
2940.5,0.2494,27.4,28,29.1,29.4
2944.5,0.2494,27.4,28.1,29.1,29.4
2948.5,0.2494,27.4,28.1,29.1,29.4
2952.5,0.2494,27.4,28.1,29.1,29.4
2956.5,0.2494,27.4,28.1,29.2,29.4
2960.5,0.2494,27.4,28.1,29.2,29.4
2964.4,0.2494,27.4,28.1,29.2,29.4
2968.4,0.2494,27.4,28.1,29.2,29.4
2972.6,0.2494,27.5,28.1,29.2,29.4
2976.4,0.2494,27.5,28.1,29.2,29.5
2980.4,0.2494,27.5,28.2,29.2,29.5
2984.3,0.2494,27.5,28.2,29.2,29.5
2988.5,0.2494,27.5,28.2,29.2,29.5
2992.4,0.2494,27.5,28.2,29.3,29.5
2996.3,0.2494,27.5,28.2,29.3,29.5
3000.2,0.2494,27.5,28.2,29.3,29.5
3004.2,0.2494,27.5,28.2,29.3,29.5
3008.4,0.2494,27.6,28.2,29.3,29.6
3012.3,0.2494,27.6,28.2,29.3,29.6
3016.4,0.2494,27.6,28.3,29.3,29.6
3020.3,0.2494,27.6,28.3,29.3,29.6
3024.3,0.2494,27.6,28.3,29.3,29.6
3028.4,0.2494,27.6,28.3,29.3,29.6
3032.3,0.2494,27.6,28.3,29.4,29.6
3036.2,0.2494,27.6,28.3,29.4,29.6
3040.3,0.2494,27.6,28.3,29.4,29.6
3044.3,0.2494,27.6,28.3,29.4,29.6
3048.4,0.2494,27.7,28.4,29.4,29.6
3052.5,0.2494,27.7,28.4,29.4,29.7
3056.5,0.2494,27.7,28.4,29.4,29.7
3060.4,0.2494,27.7,28.4,29.4,29.7
3064.3,0.2494,27.7,28.4,29.4,29.7
3068.4,0.2494,27.7,28.4,29.5,29.7
3072.4,0.2494,27.7,28.4,29.5,29.7
3076.5,0.2494,27.7,28.4,29.5,29.7
3080.6,0.2494,27.7,28.4,29.5,29.7
3084.6,0.2494,27.8,28.5,29.5,29.8
3088.5,0.2494,27.8,28.5,29.5,29.7
3092.5,0.2494,27.8,28.5,29.5,29.8
3096.6,0.2494,27.8,28.5,29.5,29.8
3100.8,0.2494,27.8,28.5,29.5,29.8
3104.8,0.2494,27.8,28.5,29.5,29.8
3108.8,0.2494,27.8,28.5,29.6,29.8
3112.7,0.2494,27.8,28.5,29.6,29.8
3116.6,0.2494,27.8,28.5,29.6,29.8
3120.5,0.2494,27.9,28.6,29.6,29.8
3124.4,0.2494,27.9,28.6,29.6,29.8
3128.6,0.2494,27.9,28.6,29.6,29.9
3132.8,0.2494,27.9,28.6,29.6,29.9
3136.9,0.2494,27.9,28.6,29.6,29.9
3140.8,0.2494,27.9,28.6,29.6,29.9
3144.7,0.2494,27.9,28.6,29.6,29.9
3148.6,0.2494,27.9,28.6,29.6,29.9
3152.6,0.2494,27.9,28.6,29.7,29.9
3156.7,0.2494,28,28.7,29.7,29.9
3160.7,0.2494,28,28.7,29.7,29.9
3164.8,0.2494,28,28.7,29.7,29.9
3168.7,0.2494,28,28.7,29.7,30
3172.5,0.2494,28,28.7,29.7,30
3176.6,0.2494,28,28.7,29.7,30
3180.5,0.2494,28,28.7,29.7,30
3184.7,0.2494,28,28.7,29.7,30
3188.6,0.2494,28,28.7,29.7,30
3192.4,0.2494,28,28.7,29.7,30
3196.4,0.2494,28.1,28.8,29.8,30
3200.5,0.2494,28.1,28.8,29.8,30
3204.4,0.2494,28.1,28.8,29.8,30
3208.5,0.2494,28.1,28.8,29.8,30.1
3212.5,0.2494,28.1,28.8,29.8,30.1
3216.4,0.2494,28.1,28.8,29.8,30.1
3220.7,0.2494,28.1,28.8,29.8,30.1
3224.6,0.2494,28.1,28.8,29.8,30.1
3228.4,0.2494,28.1,28.8,29.8,30.1
3232.5,0.2494,28.1,28.9,29.8,30.1
3236.6,0.2494,28.1,28.9,29.9,30.1
3240.4,0.2494,28.2,28.9,29.9,30.1
3244.7,0.2494,28.2,28.9,29.9,30.1
3248.7,0.2494,28.2,28.9,29.9,30.1
3252.5,0.2494,28.2,28.9,29.9,30.2
3256.6,0.2494,28.2,28.9,29.9,30.2
3264.7,0.2494,28.2,28.9,29.9,30.2
3268.6,0.2494,28.2,29,29.9,30.2
3272.5,0.2494,28.2,29,30,30.2
3276.4,0.2494,28.2,29,30,30.2
3280.5,0.2494,28.2,29,30,30.2
3284.5,0.2494,28.3,29,30,30.2
3288.6,0.2494,28.3,29,30,30.3
3292.4,0.2494,28.3,29,30,30.3
3296.7,0.2494,28.3,29,30,30.3
3300.8,0.2494,28.3,29,30,30.3
3304.8,0.2494,28.3,29,30,30.3
3308.9,0.2494,28.3,29.1,30,30.3
3312.9,0.2494,28.3,29.1,30.1,30.3
3317.1,0.2494,28.3,29.1,30.1,30.3
3321.1,0.2494,28.4,29.1,30.1,30.3
3325.1,0.2494,28.4,29.1,30.1,30.3
3329.3,0.2494,28.4,29.1,30.1,30.3
3333.4,0.2494,28.4,29.1,30.1,30.3
3337.3,0.2494,28.4,29.1,30.1,30.4
3341.4,0.2494,28.4,29.1,30.1,30.4
3345.4,0.2494,28.4,29.2,30.1,30.4
3349.4,0.2494,28.4,29.2,30.1,30.4
3353.6,0.2494,28.4,29.2,30.1,30.4
3357.6,0.2494,28.4,29.2,30.1,30.4
3361.6,0.2494,28.4,29.2,30.2,30.4
3365.7,0.2494,28.5,29.2,30.2,30.4
3369.6,0.2494,28.5,29.2,30.2,30.4
3373.6,0.2494,28.5,29.2,30.2,30.5
3377.5,0.2494,28.5,29.2,30.2,30.5
3381.6,0.2494,28.5,29.2,30.2,30.5
3385.6,0.2494,28.5,29.3,30.2,30.5
3389.7,0.2494,28.5,29.3,30.2,30.5
3393.6,0.2494,28.5,29.3,30.2,30.5
3397.6,0.2494,28.5,29.3,30.3,30.5
3401.5,0.2494,28.6,29.3,30.3,30.5
3405.6,0.2494,28.5,29.3,30.3,30.5
3409.7,0.2494,28.6,29.3,30.3,30.5
3413.7,0.2494,28.6,29.3,30.3,30.6
3417.8,0.2494,28.6,29.4,30.3,30.6
3421.8,0.2494,28.6,29.4,30.3,30.6
3425.8,0.2494,28.6,29.4,30.3,30.6
3429.9,0.2494,28.6,29.4,30.3,30.6
3433.9,0.2494,28.6,29.4,30.3,30.6
3438,0.2494,28.6,29.4,30.3,30.6
3442.1,0.2494,28.6,29.4,30.4,30.6
3447,0.2494,28.7,29.4,30.4,30.6
3451.6,0.2494,28.7,29.4,30.4,30.6
3455.7,0.2494,28.7,29.4,30.4,30.6
3459.8,0.2494,28.7,29.5,30.4,30.6
3464,0.2494,28.7,29.5,30.4,30.6
3468.2,0.2494,28.7,29.5,30.4,30.7
3472.5,0.2494,28.7,29.5,30.4,30.7
3476.5,0.2494,28.7,29.5,30.4,30.7
3480.8,0.2494,28.7,29.5,30.4,30.7
3485.4,0.2494,28.7,29.5,30.4,30.7
3489.5,0.2494,28.8,29.5,30.4,30.7
3493.6,0.2494,28.7,29.5,30.4,30.7
3497.7,0.2494,28.8,29.5,30.4,30.7
3501.7,0.2494,28.8,29.6,30.5,30.7
3506,0.2494,28.8,29.6,30.5,30.7
3510.1,0.2494,28.8,29.6,30.5,30.8
3514.1,0.2494,28.8,29.6,30.5,30.8
3518.1,0.2494,28.8,29.6,30.5,30.8
3522.2,0.2494,28.8,29.6,30.5,30.8
3526.7,0.2494,28.8,29.6,30.5,30.8
3530.6,0.2494,28.8,29.6,30.5,30.8
3534.6,0.2494,28.9,29.6,30.6,30.8
3538.8,0.2494,28.9,29.7,30.6,30.8
3543,0.2494,28.9,29.7,30.6,30.9
3547,0.2494,28.9,29.7,30.6,30.9
3551.1,0.2494,28.9,29.7,30.6,30.9
3555.2,0.2494,28.9,29.7,30.6,30.9
3559.6,0.2494,28.9,29.7,30.6,30.9
3563.8,0.2494,28.9,29.7,30.6,30.9
3568.1,0.2494,28.9,29.7,30.6,30.9
3572.3,0.2494,28.9,29.7,30.6,30.9
3576.4,0.2494,29,29.7,30.6,30.9
3580.6,0.2494,29,29.7,30.6,30.9
3584.6,0.2494,29,29.8,30.7,30.9
3588.7,0.2494,29,29.8,30.7,30.9
3592.7,0.2494,29,29.8,30.7,30.9
3596.7,0.2494,29,29.8,30.7,31
3600.9,0.2494,29,29.8,30.7,30.9
3605,0.2494,29,29.8,30.7,31
3609.1,0.2494,29,29.8,30.7,31
3613.2,0.2494,29,29.8,30.7,31
3617.3,0.2494,29,29.8,30.7,31
3621.4,0.2494,29.1,29.8,30.7,31
3625.4,0.2494,29.1,29.9,30.7,31
3629.6,0.2494,29.1,29.9,30.8,31
3633.7,0.2494,29.1,29.9,30.8,31
3637.8,0.2494,29.1,29.9,30.8,31
3642.1,0.2494,29.1,29.9,30.8,31.1
3646.5,0.2494,29.1,29.9,30.8,31
3650.6,0.2494,29.1,29.9,30.8,31.1
3655,0.2494,29.1,29.9,30.8,31.1
3659.2,0.2494,29.2,29.9,30.8,31.1
3663.4,0.2494,29.2,30,30.8,31.1
3667.7,0.2494,29.2,30,30.8,31.1
3672.9,0.2494,29.2,30,30.9,31.1
3677,0.2494,29.2,30,30.9,31.1
3681.3,0.2494,29.2,30,30.9,31.1
3685.4,0.2494,29.2,30,30.9,31.1
3689.7,0.2494,29.2,30,30.9,31.2
3693.7,0.2494,29.2,30,30.9,31.2
3697.8,0.2494,29.2,30,30.9,31.2
3701.9,0.2494,29.3,30,30.9,31.2
3706.1,0.2494,29.3,30.1,30.9,31.2
3710.5,0.2494,29.3,30.1,30.9,31.2
3714.7,0.2494,29.3,30.1,30.9,31.2
3718.9,0.2494,29.3,30.1,30.9,31.2
3723,0.2494,29.3,30.1,30.9,31.2
3727.1,0.2494,29.3,30.1,31,31.2
3731.6,0.2494,29.3,30.1,31,31.2
3735.8,0.2494,29.3,30.1,31,31.3
3741,0.2494,29.3,30.1,31,31.3
3745.2,0.2494,29.3,30.2,31,31.3
3749.2,0.2494,29.4,30.2,31,31.3
3753.4,0.2494,29.4,30.2,31,31.3
3757.7,0.2494,29.4,30.2,31,31.3
3761.8,0.2494,29.4,30.2,31,31.3
3766.1,0.2494,29.4,30.2,31,31.3
3770.3,0.2494,29.4,30.2,31,31.3
3774.5,0.2494,29.4,30.2,31.1,31.3
3778.7,0.2494,29.4,30.2,31.1,31.3
3782.8,0.2494,29.4,30.2,31.1,31.3
3787,0.2494,29.4,30.3,31.1,31.3
3791.5,0.2494,29.5,30.3,31.1,31.4
3795.6,0.2494,29.5,30.3,31.1,31.4
3799.9,0.2494,29.5,30.3,31.1,31.4
3804,0.2494,29.5,30.3,31.1,31.3
3808.1,0.2494,29.5,30.3,31.1,31.4
3812.2,0.2494,29.5,30.3,31.1,31.4
3816.3,0.2494,29.5,30.3,31.1,31.4
3820.5,0.2494,29.5,30.3,31.1,31.4
3824.7,0.2494,29.5,30.3,31.1,31.4
3828.9,0.2494,29.5,30.3,31.2,31.4
3833.2,0.2494,29.5,30.4,31.2,31.4
3839.4,0.2494,29.5,30.4,31.2,31.4
3843.7,0.2494,29.6,30.4,31.2,31.4
3848,0.2494,29.6,30.4,31.2,31.5
3852.4,0.2494,29.6,30.4,31.2,31.5
3856.5,0.2494,29.6,30.4,31.2,31.5
3860.8,0.2494,29.6,30.4,31.2,31.5
3864.9,0.2494,29.6,30.4,31.2,31.5
3869.1,0.2494,29.6,30.4,31.2,31.5
3873.4,0.2494,29.6,30.4,31.2,31.5
3877.8,0.2494,29.6,30.4,31.2,31.5
3882.5,0.2494,29.6,30.4,31.2,31.5
3886.6,0.2494,29.6,30.5,31.3,31.6
3891.1,0.2494,29.6,30.5,31.3,31.5
3895.2,0.2494,29.7,30.5,31.3,31.6
3899.8,0.2494,29.7,30.5,31.3,31.6
3904.3,0.2494,29.7,30.5,31.3,31.5
3908.7,0.2494,29.7,30.5,31.3,31.6
3913,0.2494,29.7,30.5,31.3,31.6
3917.3,0.2494,29.7,30.5,31.3,31.6
3921.6,0.2494,29.7,30.6,31.3,31.6
3928,0.2494,29.7,30.6,31.3,31.6
3932.2,0.2494,29.7,30.6,31.3,31.6
3936.7,0.2494,29.7,30.6,31.4,31.6
3941.2,0.2494,29.8,30.6,31.4,31.6
3946,0.2494,29.8,30.6,31.4,31.6
3950.3,0.2494,29.8,30.6,31.4,31.6
3954.7,0.2494,29.8,30.6,31.4,31.6
3959.5,0.2494,29.8,30.6,31.4,31.7
3964,0.2494,29.8,30.7,31.4,31.7
3968.2,0.2494,29.8,30.7,31.4,31.7
3974.5,0.2494,29.8,30.7,31.4,31.7
3978.7,0.2494,29.8,30.7,31.4,31.7
3982.9,0.2494,29.8,30.7,31.5,31.7
3987.3,0.2494,29.8,30.7,31.4,31.7
3993.8,0.2494,29.9,30.7,31.5,31.7
3998.3,0.2494,29.9,30.7,31.5,31.7
4002.7,0.2494,29.9,30.7,31.5,31.7
4007,0.2494,29.9,30.7,31.5,31.8
4011.7,0.2494,29.9,30.7,31.5,31.8
4015.9,0.2494,29.9,30.7,31.5,31.8
4020.6,0.2494,29.9,30.8,31.5,31.8
4024.8,0.2494,29.9,30.8,31.5,31.8
4029,0.2494,29.9,30.8,31.5,31.8
4033.6,0.2494,29.9,30.8,31.5,31.8
4038,0.2494,29.9,30.8,31.5,31.8
4042.5,0.2494,30,30.8,31.5,31.8
4046.8,0.2494,30,30.8,31.6,31.8
4051.7,0.2494,30,30.8,31.5,31.8
4056,0.2494,30,30.8,31.6,31.8
4060.5,0.2494,30,30.9,31.6,31.9
4064.8,0.2494,30,30.9,31.6,31.9
4069.2,0.2494,30,30.9,31.6,31.9
4073.6,0.2494,30,30.9,31.6,31.9
4078.1,0.2494,30,30.9,31.6,31.9
4083.2,0.2494,30.1,30.9,31.6,31.9
4087.6,0.2494,30.1,30.9,31.6,31.9
4091.9,0.2494,30.1,30.9,31.6,31.9
4096.2,0.2494,30.1,30.9,31.7,31.9
4100.5,0.2494,30.1,30.9,31.7,31.9
4104.7,0.2494,30.1,30.9,31.7,31.9
4108.9,0.2494,30.1,31,31.7,31.9
4115.2,0.2494,30.1,31,31.7,31.9
4119.5,0.2494,30.1,31,31.7,32
4123.8,0.2494,30.1,31,31.7,32
4128.9,0.2494,30.1,31,31.7,32
4133.1,0.2494,30.1,31,31.7,32
4137.5,0.2494,30.1,31,31.7,32
4141.8,0.2494,30.1,31,31.7,32
4146.4,0.2494,30.2,31,31.7,32
4150.8,0.2494,30.2,31,31.8,32
4155.3,0.2494,30.2,31,31.7,32
4159.8,0.2494,30.2,31.1,31.8,32
4164.3,0.2494,30.2,31.1,31.8,32
4168.5,0.2494,30.2,31.1,31.8,32
4172.9,0.2494,30.2,31.1,31.8,32.1
4177.4,0.2494,30.2,31.1,31.8,32.1
4183.8,0.2494,30.2,31.1,31.8,32.1
4188,0.2494,30.2,31.1,31.8,32.1
4192.3,0.2494,30.3,31.1,31.8,32.1
4196.7,0.2494,30.3,31.1,31.8,32.1
4201.3,0.2494,30.3,31.1,31.8,32.1
4207.9,0.2494,30.3,31.2,31.8,32.1
4212.3,0.2494,30.3,31.2,31.8,32.1
4216.7,0.2494,30.3,31.2,31.8,32.1
4221.6,0.2494,30.3,31.2,31.9,32.1
4226,0.2494,30.3,31.2,31.9,32.1
4230.5,0.2494,30.3,31.2,31.9,32.1
4235.1,0.2494,30.3,31.2,31.9,32.2
4239.5,0.2494,30.3,31.2,31.9,32.2
4243.9,0.2494,30.3,31.2,31.9,32.2
4248.3,0.2494,30.3,31.2,31.9,32.2
4252.8,0.2494,30.4,31.2,31.9,32.2
4257.4,0.2494,30.4,31.2,31.9,32.2
4261.8,0.2494,30.4,31.2,31.9,32.2
4266.3,0.2494,30.4,31.3,31.9,32.2
4271.1,0.2494,30.4,31.3,31.9,32.2
4275.4,0.2494,30.4,31.3,31.9,32.2
4280,0.2494,30.4,31.3,31.9,32.2
4284.3,0.2494,30.4,31.3,32,32.2
4288.9,0.2494,30.4,31.3,32,32.2
4293.4,0.2494,30.4,31.3,32,32.3
4297.8,0.2494,30.4,31.3,32,32.3
4302.1,0.2494,30.5,31.3,32,32.3
4306.9,0.2494,30.5,31.3,32,32.3
4311.9,0.2494,30.5,31.3,32,32.3
4316.8,0.2494,30.5,31.4,32,32.3
4321.9,0.2494,30.5,31.4,32,32.3
4326.7,0.2494,30.5,31.4,32,32.3
4331.2,0.2494,30.5,31.4,32,32.3
4335.9,0.2494,30.5,31.4,32,32.3
4340.8,0.2494,30.5,31.4,32.1,32.3
4345.9,0.2494,30.5,31.4,32.1,32.3
4350.8,0.2494,30.5,31.4,32.1,32.3
4356.1,0.2494,30.5,31.4,32.1,32.4
4360.3,0.2494,30.6,31.4,32.1,32.4
4364.9,0.2494,30.6,31.4,32.1,32.4
4369.4,0.2494,30.6,31.5,32.1,32.4
4373.9,0.2494,30.6,31.4,32.1,32.4
4378.6,0.2494,30.6,31.5,32.1,32.4
4383,0.2494,30.6,31.5,32.1,32.4
4387.5,0.2494,30.6,31.5,32.1,32.4
4391.9,0.2494,30.6,31.5,32.1,32.4
4396.5,0.2494,30.6,31.5,32.1,32.4
4400.9,0.2494,30.6,31.5,32.1,32.4
4406.2,0.2494,30.6,31.5,32.1,32.4
4410.8,0.2494,30.6,31.5,32.1,32.4
4415.6,0.2494,30.6,31.5,32.2,32.4
4420.3,0.2494,30.6,31.5,32.2,32.4
4424.8,0.2494,30.6,31.6,32.2,32.4
4429.8,0.2494,30.6,31.6,32.2,32.4
4434.8,0.2494,30.7,31.6,32.2,32.4
4440.1,0.2494,30.7,31.6,32.2,32.5
4444.7,0.2494,30.7,31.6,32.2,32.4
4449.7,0.2494,30.7,31.6,32.2,32.4
4454.6,0.2494,30.7,31.6,32.2,32.4
4459.7,0.2494,30.7,31.6,32.2,32.5
4464.8,0.2494,30.7,31.6,32.2,32.5
4469.7,0.2494,30.7,31.6,32.2,32.5
4474.6,0.2494,30.7,31.7,32.2,32.5
4479.9,0.2494,30.7,31.7,32.2,32.5
4484.6,0.2494,30.8,31.7,32.2,32.5
4489.5,0.2494,30.8,31.7,32.2,32.5
4494.4,0.2494,30.8,31.7,32.2,32.5
4499.4,0.2494,30.8,31.7,32.2,32.5
4504.3,0.2494,30.8,31.7,32.3,32.5
4508.9,0.2494,30.8,31.7,32.3,32.5
4513.9,0.2494,30.8,31.7,32.2,32.5
4518.7,0.2494,30.8,31.7,32.3,32.5
4523.8,0.2494,30.8,31.7,32.3,32.5
4528.3,0.2494,30.8,31.7,32.3,32.5
4533.1,0.2494,30.8,31.7,32.3,32.6
4537.9,0.2494,30.8,31.8,32.3,32.6
4542.7,0.2494,30.8,31.8,32.3,32.6
4547.9,0.2494,30.8,31.8,32.3,32.6
4552.9,0.2494,30.9,31.8,32.3,32.6
4557.9,0.2494,30.9,31.8,32.3,32.6
4562.9,0.2494,30.9,31.8,32.3,32.6
4567.8,0.2494,30.9,31.8,32.3,32.6
4572.8,0.2494,30.9,31.8,32.4,32.6
4577.9,0.2494,30.9,31.8,32.4,32.6
4582.6,0.2494,30.9,31.8,32.3,32.6
4587.6,0.2494,30.9,31.8,32.3,32.6
4592.5,0.2494,30.9,31.8,32.4,32.6
4597.1,0.2494,30.9,31.9,32.4,32.6
4601.9,0.2494,30.9,31.9,32.4,32.6
4606.5,0.2494,30.9,31.9,32.4,32.6
4611.1,0.2494,31,31.9,32.4,32.7
4615.8,0.2494,31,31.9,32.4,32.7
4620.8,0.2494,31,31.9,32.4,32.7
4625.6,0.2494,31,31.9,32.4,32.7
4630.3,0.2494,31,31.9,32.4,32.7
4635.1,0.2494,31,31.9,32.4,32.7
4640,0.2494,31,31.9,32.4,32.7
4644.7,0.2494,31,31.9,32.4,32.7
4649.5,0.2494,31,31.9,32.4,32.7
4654.5,0.2494,31,31.9,32.4,32.7
4659.1,0.2494,31,32,32.4,32.7
4664.1,0.2494,31,32,32.5,32.7
4668.8,0.2494,31,32,32.5,32.8
4673.9,0.2494,31,32,32.5,32.8
4679.1,0.2494,31.1,32,32.5,32.8
4683.8,0.2494,31.1,32,32.5,32.8
4688.7,0.2494,31.1,32,32.5,32.8
4693.7,0.2494,31.1,32,32.5,32.8
4698.6,0.2494,31.1,32,32.5,32.8
4703.8,0.2494,31.1,32,32.5,32.8
4708.8,0.2494,31.1,32,32.5,32.8
4713.7,0.2494,31.1,32,32.5,32.8
4718.3,0.2494,31.1,32,32.5,32.8
4723,0.2494,31.1,32.1,32.6,32.8
4728,0.2494,31.1,32,32.5,32.8
4733.1,0.2494,31.1,32.1,32.6,32.9
4737.9,0.2494,31.2,32.1,32.6,32.9
4742.8,0.2494,31.2,32.1,32.6,32.9
4748.1,0.2494,31.2,32.1,32.6,32.9
4752.8,0.2494,31.2,32.1,32.6,32.9
4758.1,0.2494,31.2,32.1,32.6,32.9
4763.1,0.2494,31.2,32.1,32.6,32.9
4767.8,0.2494,31.2,32.1,32.6,32.9
4772.7,0.2494,31.2,32.1,32.6,32.9
4777.6,0.2494,31.2,32.1,32.7,32.9
4782.4,0.2494,31.2,32.1,32.6,32.9
4787.3,0.2494,31.2,32.1,32.6,32.9
4792.3,0.2494,31.2,32.2,32.6,32.9
4797,0.2494,31.2,32.2,32.7,32.9
4801.7,0.2494,31.2,32.2,32.7,32.9
4806.6,0.2494,31.2,32.2,32.7,32.9
4811.2,0.2494,31.2,32.2,32.7,32.9
4816.5,0.2494,31.2,32.2,32.7,32.9
4821.2,0.2494,31.2,32.2,32.7,32.9
4826.2,0.2494,31.2,32.2,32.7,33
4831,0.2494,31.3,32.2,32.7,33
4836.1,0.2494,31.3,32.2,32.7,33
4841.3,0.2494,31.3,32.2,32.7,33
4846.1,0.2494,31.3,32.2,32.7,33
4851.2,0.2494,31.3,32.2,32.7,33
4856.3,0.2494,31.3,32.2,32.7,33
4861.5,0.2494,31.3,32.2,32.7,33
4866.2,0.2494,31.3,32.3,32.7,33
4871,0.2494,31.3,32.3,32.7,33
4875.6,0.2494,31.3,32.3,32.7,33
4880.1,0.2494,31.3,32.3,32.7,33
4884.7,0.2494,31.3,32.3,32.7,33
4889.3,0.2494,31.3,32.3,32.8,33
4894.4,0.2494,31.3,32.3,32.8,33
4899.3,0.2494,31.3,32.3,32.8,33
4904.3,0.2494,31.3,32.3,32.8,33.1
4909.4,0.2494,31.3,32.3,32.8,33.1
4914.4,0.2494,31.3,32.3,32.8,33.1
4919.7,0.2494,31.4,32.3,32.8,33.1
4924.3,0.2494,31.4,32.3,32.8,33.1
4929.1,0.2494,31.4,32.3,32.8,33.1
4934.4,0.2494,31.4,32.3,32.8,33.1
4939.4,0.2494,31.4,32.3,32.8,33.1
4944.2,0.2494,31.4,32.3,32.8,33.1
4949.5,0.2494,31.4,32.3,32.8,33.1
4954.3,0.2494,31.4,32.3,32.8,33.1
4959.4,0.2494,31.4,32.4,32.9,33.1
4964.3,0.2494,31.4,32.4,32.9,33.1
4969.1,0.2494,31.4,32.4,32.8,33.1
4974.2,0.2494,31.4,32.4,32.9,33.1
4979,0.2494,31.4,32.4,32.9,33.1
4983.7,0.2494,31.4,32.4,32.9,33.1
4988.4,0.2494,31.4,32.4,32.9,33.2
4993.2,0.2494,31.4,32.4,32.9,33.2
4998.4,0.2494,31.4,32.4,32.9,33.2
5003.4,0.2494,31.4,32.4,32.9,33.2
5008.1,0.2494,31.5,32.4,32.9,33.2
5013,0.2494,31.5,32.4,32.9,33.2
5018,0.2494,31.5,32.4,32.9,33.2
5023.3,0.2494,31.5,32.4,32.9,33.2
5028.2,0.2494,31.5,32.5,32.9,33.2
5033.1,0.2494,31.5,32.5,32.9,33.2
5037.8,0.2494,31.5,32.5,32.9,33.2
5042.7,0.2494,31.5,32.5,32.9,33.2
5047.7,0.2494,31.5,32.5,32.9,33.2
5052.4,0.2494,31.5,32.5,33,33.2
5057.2,0.2494,31.5,32.5,33,33.2
5062.1,0.2494,31.5,32.5,33,33.2
5067.1,0.2494,31.5,32.5,33,33.2
5072.2,0.2494,31.5,32.5,33,33.2
5077.2,0.2494,31.5,32.5,33,33.2
5082.3,0.2494,31.5,32.5,33,33.2
5087.2,0.2494,31.5,32.5,33,33.3
5092.2,0.2494,31.6,32.5,33,33.2
5097.4,0.2494,31.6,32.5,33,33.3
5102.6,0.2494,31.6,32.5,33,33.3
5107.3,0.2494,31.6,32.6,33,33.3
5112.4,0.2494,31.6,32.6,33,33.3
5117.6,0.2494,31.6,32.6,33,33.3
5123,0.2494,31.6,32.6,33,33.3
5128,0.2494,31.6,32.6,33,33.3
5132.8,0.2494,31.6,32.6,33,33.3
5137.6,0.2494,31.6,32.6,33,33.3
5142.8,0.2494,31.6,32.6,33,33.3
5147.5,0.2494,31.6,32.6,33,33.3
5152.7,0.2494,31.6,32.6,33,33.3
5157.6,0.2494,31.7,32.6,33.1,33.3
5162.9,0.2494,31.6,32.6,33.1,33.3
5167.8,0.2494,31.7,32.6,33.1,33.4
5172.7,0.2494,31.7,32.7,33.1,33.4
5177.5,0.2494,31.7,32.7,33.1,33.4
5182.6,0.2494,31.7,32.7,33.1,33.4
5187.6,0.2494,31.7,32.7,33.1,33.4
5193,0.2494,31.7,32.7,33.1,33.4
5197.7,0.2494,31.7,32.7,33.1,33.4
5203.2,0.2494,31.7,32.7,33.1,33.4
5208,0.2494,31.7,32.7,33.1,33.4
5213.1,0.2494,31.7,32.7,33.1,33.4
5218.2,0.2494,31.7,32.7,33.1,33.4
5223.2,0.2494,31.7,32.7,33.1,33.4
5228.6,0.2494,31.7,32.7,33.1,33.4
5233.6,0.2494,31.7,32.7,33.1,33.4
5238.6,0.2494,31.7,32.7,33.1,33.4
5243.8,0.2494,31.7,32.7,33.2,33.4
5248.3,0.2494,31.8,32.7,33.2,33.4
5253.5,0.2494,31.8,32.8,33.2,33.4
5258.5,0.2494,31.8,32.7,33.2,33.4
5263.8,0.2494,31.8,32.8,33.2,33.4
5268.5,0.2494,31.8,32.8,33.2,33.4
5273.6,0.2494,31.8,32.8,33.2,33.4
5278.5,0.2494,31.8,32.8,33.2,33.5
5283.4,0.2494,31.8,32.8,33.2,33.5
5288.6,0.2494,31.8,32.8,33.2,33.5
5293.6,0.2494,31.8,32.8,33.2,33.5
5298.6,0.2494,31.8,32.8,33.2,33.5
5303.5,0.2494,31.8,32.8,33.2,33.5
5308.7,0.2494,31.8,32.8,33.2,33.5
5313.9,0.2494,31.8,32.8,33.2,33.5
5319.1,0.2494,31.8,32.8,33.2,33.5
5324.5,0.2494,31.8,32.8,33.2,33.5
5329.7,0.2494,31.8,32.8,33.2,33.5
5334.7,0.2494,31.9,32.9,33.2,33.5
5339.7,0.2494,31.9,32.9,33.2,33.5
5344.7,0.2494,31.9,32.9,33.2,33.5
5349.4,0.2494,31.9,32.9,33.2,33.5
5354.5,0.2494,31.9,32.9,33.2,33.5
5359.7,0.2494,31.9,32.9,33.3,33.5
5364.9,0.2494,31.9,32.9,33.3,33.5
5369.9,0.2494,31.9,32.9,33.3,33.6
5374.9,0.2494,31.9,32.9,33.3,33.6
5379.9,0.2494,31.9,32.9,33.3,33.6
5385,0.2494,31.9,32.9,33.3,33.6
5389.8,0.2494,31.9,32.9,33.3,33.6
5394.9,0.2494,31.9,32.9,33.3,33.6
5399.5,0.2494,31.9,32.9,33.3,33.6
5404.9,0.2494,31.9,32.9,33.3,33.6
5409.9,0.2494,31.9,32.9,33.3,33.6
5415,0.2494,31.9,32.9,33.3,33.6
5420,0.2494,31.9,33,33.3,33.6
5424.9,0.2494,31.9,33,33.3,33.6
5429.8,0.2494,31.9,33,33.3,33.6
5434.8,0.2494,31.9,33,33.3,33.6
5439.8,0.2494,31.9,33,33.3,33.6
5444.9,0.2494,32,33,33.3,33.6
5449.7,0.2494,32,33,33.3,33.6
5454.6,0.2494,32,33,33.4,33.6
5459.6,0.2494,32,33,33.3,33.6
5464.7,0.2494,32,33,33.4,33.6
5469.8,0.2494,32,33,33.4,33.6
5474.8,0.2494,32,33,33.4,33.7
5479.6,0.2494,32,33,33.4,33.6
5484.5,0.2494,32,33,33.4,33.6
5489.8,0.2494,32,33,33.4,33.7
5494.8,0.2494,32,33,33.4,33.7
5499.8,0.2494,32,33,33.4,33.7
5504.8,0.2494,32,33,33.4,33.7
5509.6,0.2494,32,33,33.4,33.7
5514.7,0.2494,32,33,33.4,33.7
5519.8,0.2494,32,33.1,33.4,33.7
5524.9,0.2494,32,33.1,33.4,33.7
5529.9,0.2494,32,33.1,33.4,33.7
5534.8,0.2494,32.1,33.1,33.4,33.7
5539.9,0.2494,32.1,33.1,33.4,33.7
5545.3,0.2494,32.1,33.1,33.4,33.7
5550.7,0.2494,32.1,33.1,33.4,33.7
5555.9,0.2494,32.1,33.1,33.4,33.7
5561.1,0.2494,32.1,33.1,33.4,33.7
5566.5,0.2494,32.1,33.1,33.5,33.7
5571.4,0.2494,32.1,33.1,33.4,33.7
5576.6,0.2494,32.1,33.1,33.5,33.7
5581.7,0.2494,32.1,33.1,33.5,33.7
5586.8,0.2494,32.1,33.1,33.5,33.7
5591.9,0.2494,32.1,33.1,33.5,33.7
5597.2,0.2494,32.1,33.1,33.4,33.7
5602.2,0.2494,32.1,33.1,33.5,33.8
5607.7,0.2494,32.1,33.2,33.5,33.7
5613,0.2494,32.1,33.2,33.5,33.8
5618.7,0.2494,32.1,33.2,33.5,33.7
5624.1,0.2494,32.1,33.2,33.5,33.8
5629.4,0.2494,32.1,33.2,33.5,33.8
5634.5,0.2494,32.2,33.2,33.5,33.8
5639.5,0.2494,32.2,33.2,33.5,33.8
5644.4,0.2494,32.2,33.2,33.5,33.8
5649.5,0.2494,32.2,33.2,33.5,33.8
5654.4,0.2494,32.2,33.2,33.5,33.8
5659.2,0.2494,32.2,33.2,33.5,33.8
5664.5,0.2494,32.2,33.2,33.5,33.8
5669.4,0.2494,32.2,33.2,33.5,33.8
5674.4,0.2494,32.2,33.2,33.5,33.8
5679.4,0.2494,32.2,33.2,33.5,33.8
5684.5,0.2494,32.2,33.2,33.5,33.8
5689.7,0.2494,32.2,33.2,33.5,33.8
5695.3,0.2494,32.2,33.3,33.5,33.8
5700.4,0.2494,32.2,33.2,33.5,33.8
5705.8,0.2494,32.2,33.2,33.6,33.9
5711.2,0.2494,32.2,33.3,33.6,33.8
5716.1,0.2494,32.2,33.3,33.6,33.8
5721.3,0.2494,32.2,33.3,33.6,33.8
5726.7,0.2494,32.2,33.2,33.6,33.8
5732.4,0.2494,32.2,33.3,33.6,33.8
5737.4,0.2494,32.2,33.3,33.6,33.9
5742.4,0.2494,32.2,33.3,33.6,33.9
5747.9,0.2494,32.3,33.3,33.6,33.9
5753.2,0.2494,32.3,33.3,33.6,33.8
5758.3,0.2494,32.3,33.3,33.6,33.9
5763.2,0.2494,32.3,33.3,33.6,33.9
5768.2,0.2494,32.3,33.3,33.6,33.9
5773.3,0.2494,32.3,33.3,33.6,33.9
5778.2,0.2494,32.3,33.3,33.6,33.9
5783.4,0.2494,32.3,33.3,33.6,33.9
5788.2,0.2494,32.3,33.3,33.6,33.9
5793.7,0.2494,32.3,33.3,33.6,33.9
5799.4,0.2494,32.3,33.3,33.6,33.9
5804.5,0.2494,32.3,33.3,33.6,33.9
5809.9,0.2494,32.3,33.3,33.6,33.9
5815.2,0.2494,32.3,33.3,33.7,33.9
5820.6,0.2494,32.3,33.4,33.7,33.9
5826,0.2494,32.3,33.4,33.7,33.9
5831.5,0.2494,32.3,33.4,33.7,33.9
5836.5,0.2494,32.3,33.4,33.7,33.9
5841.9,0.2494,32.3,33.4,33.7,34
5847.4,0.2494,32.3,33.4,33.7,34
5852.6,0.2494,32.3,33.4,33.7,33.9
5857.8,0.2494,32.3,33.4,33.7,34
5863,0.2494,32.3,33.4,33.7,34
5868.4,0.2494,32.4,33.4,33.7,34
5873.5,0.2494,32.4,33.4,33.7,34
5878.7,0.2494,32.4,33.4,33.7,33.9
5884,0.2494,32.4,33.4,33.7,34
5889.5,0.2494,32.4,33.4,33.7,34
5894.7,0.2494,32.4,33.4,33.7,34
5899.9,0.2494,32.4,33.4,33.7,34
5905.3,0.2494,32.4,33.4,33.7,34
5910.6,0.2494,32.4,33.4,33.7,34
5915.7,0.2494,32.4,33.4,33.7,34
5920.9,0.2494,32.4,33.4,33.7,34
5926.4,0.2494,32.4,33.4,33.7,34
5931.8,0.2494,32.4,33.4,33.7,34
5936.9,0.2494,32.4,33.5,33.8,34
5942.9,0.2494,32.4,33.5,33.7,34
5948.6,0.2494,32.4,33.5,33.7,34
5953.7,0.2494,32.4,33.5,33.8,34.1
5958.9,0.2494,32.4,33.5,33.7,34
5964.6,0.2494,32.4,33.5,33.8,34
5969.7,0.2494,32.4,33.5,33.8,34.1
5975.2,0.2494,32.4,33.5,33.8,34.1
5980.6,0.2494,32.4,33.5,33.8,34.1
5985.8,0.2494,32.5,33.5,33.8,34
5991,0.2494,32.5,33.5,33.8,34.1
5996.1,0.2494,32.5,33.5,33.8,34.1
6001.6,0.2494,32.5,33.5,33.8,34.1
6006.8,0.2494,32.5,33.5,33.8,34.1
6011.8,0.2494,32.5,33.5,33.8,34.1
6016.9,0.2494,32.5,33.5,33.8,34.1
6022.4,0.2494,32.5,33.5,33.8,34.1
6028,0.2494,32.5,33.5,33.8,34.1
6033.5,0.2494,32.5,33.5,33.8,34.1
6039.1,0.2494,32.5,33.5,33.8,34.1
6044.3,0.2494,32.5,33.6,33.8,34.1
6050.2,0.2494,32.5,33.6,33.8,34.1
6055.5,0.2494,32.5,33.6,33.8,34.1
6061,0.2494,32.5,33.6,33.8,34.1
6066.2,0.2494,32.5,33.6,33.8,34.1
6071.2,0.2494,32.5,33.6,33.8,34.1
6076.5,0.2494,32.5,33.6,33.8,34.1
6082.1,0.2494,32.5,33.6,33.8,34.1
6086.9,0.2494,32.5,33.6,33.9,34.1
6092.1,0.2494,32.5,33.6,33.9,34.1
6097,0.2494,32.5,33.6,33.8,34.1
6102.2,0.2494,32.5,33.6,33.9,34.1
6107.6,0.2494,32.5,33.6,33.9,34.1
6113.2,0.2494,32.6,33.6,33.9,34.2
6118.5,0.2494,32.5,33.6,33.9,34.2
6124,0.2494,32.6,33.6,33.9,34.2
6129.5,0.2494,32.6,33.6,33.9,34.2
6135.3,0.2494,32.6,33.6,33.9,34.2
6140.8,0.2494,32.6,33.6,33.9,34.2
6146.1,0.2494,32.6,33.6,33.9,34.2
6151.5,0.2494,32.6,33.6,33.9,34.2
6156.9,0.2494,32.6,33.6,33.9,34.2
6162.3,0.2494,32.6,33.6,33.9,34.2
6167.6,0.2494,32.6,33.6,33.9,34.2
6173.3,0.2494,32.6,33.7,33.9,34.2
6178.6,0.2494,32.6,33.7,33.9,34.2
6184.2,0.2494,32.6,33.7,33.9,34.2
6189.5,0.2494,32.6,33.7,33.9,34.2
6195.1,0.2494,32.6,33.7,33.9,34.2
6200.5,0.2494,32.6,33.7,33.9,34.2
6206.2,0.2494,32.6,33.7,33.9,34.2
6211.4,0.2494,32.6,33.7,33.9,34.2
6216.6,0.2494,32.6,33.7,33.9,34.2
6222.1,0.2494,32.6,33.7,34,34.2
6227.4,0.2494,32.6,33.7,34,34.2
6232.7,0.2494,32.6,33.7,34,34.2
6238.3,0.2494,32.6,33.7,34,34.2
6243.6,0.2494,32.6,33.7,34,34.3
6249.2,0.2494,32.7,33.7,34,34.2
6254.4,0.2494,32.6,33.7,34,34.3
6260.5,0.2494,32.7,33.7,34,34.2
6266.3,0.2494,32.7,33.7,34,34.3
6271.9,0.2494,32.7,33.7,34,34.3
6277.5,0.2494,32.7,33.7,34,34.3
6283.4,0.2494,32.7,33.7,34,34.3
6288.8,0.2494,32.7,33.7,34,34.3
6294.6,0.2494,32.7,33.7,34,34.3
6300.5,0.2494,32.7,33.8,34,34.3
6306,0.2494,32.7,33.8,34,34.3
6311.6,0.2494,32.7,33.8,34,34.3
6316.9,0.2494,32.7,33.8,34,34.3
6322.1,0.2494,32.7,33.8,34,34.3
6327.9,0.2494,32.7,33.8,34,34.3
6333.2,0.2494,32.7,33.8,34,34.3
6339.3,0.2494,32.7,33.8,34,34.3
6345.2,0.2494,32.7,33.8,34,34.3
6350.5,0.2494,32.7,33.8,34,34.3
6356.4,0.2494,32.7,33.8,34,34.3
6362.2,0.2494,32.7,33.8,34,34.3
6367.8,0.2494,32.7,33.8,34.1,34.3
6373.7,0.2494,32.7,33.8,34.1,34.3
6379.4,0.2494,32.7,33.8,34.1,34.3
6385.3,0.2494,32.7,33.8,34,34.3
6391.1,0.2494,32.8,33.8,34.1,34.3
6396.6,0.2494,32.8,33.8,34.1,34.3
6404.4,0.2494,32.8,33.8,34.1,34.3
6410,0.2494,32.8,33.8,34.1,34.3
6415.5,0.2494,32.8,33.8,34.1,34.3
6421.5,0.2494,32.8,33.8,34.1,34.4
6427.2,0.2494,32.8,33.9,34.1,34.4
6433.7,0.2494,32.8,33.9,34.1,34.4
6439.4,0.2494,32.8,33.9,34.1,34.4
6445.5,0.2494,32.8,33.9,34.1,34.4
6451.2,0.2494,32.8,33.9,34.1,34.4
6457.5,0.2494,32.8,33.9,34.1,34.4
6463.2,0.2494,32.8,33.9,34.1,34.4
6469.1,0.2494,32.8,33.9,34.1,34.4
6475.4,0.2494,32.8,33.9,34.1,34.4
6481,0.2494,32.8,33.9,34.1,34.4
6486.1,0.2494,32.8,33.9,34.1,34.4
6492.6,0.2494,32.8,33.9,34.1,34.4
6498.3,0.2494,32.8,33.9,34.1,34.4
6504.2,0.2494,32.8,33.9,34.1,34.4
6510.2,0.2494,32.8,33.9,34.1,34.4
6516,0.2494,32.8,33.9,34.1,34.4
6521.7,0.2494,32.8,33.9,34.1,34.4
6527.5,0.2494,32.8,33.9,34.1,34.4
6533.3,0.2494,32.9,33.9,34.2,34.4
6539.4,0.2494,32.8,33.9,34.1,34.4
6545.4,0.2494,32.9,33.9,34.1,34.4
6550.9,0.2494,32.9,34,34.2,34.4
6556.4,0.2494,32.9,34,34.2,34.4
6562.3,0.2494,32.9,33.9,34.2,34.4
6568.5,0.2494,32.9,34,34.2,34.4
6574,0.2494,32.9,34,34.2,34.5
6580.1,0.2494,32.9,34,34.2,34.5
6585.9,0.2494,32.9,34,34.2,34.5
6592.7,0.2494,32.9,34,34.2,34.5
6598.1,0.2494,32.9,34,34.2,34.5
6604.2,0.2494,32.9,34,34.2,34.5
6610.2,0.2494,32.9,34,34.2,34.5
6616.4,0.2494,32.9,34,34.2,34.5
6624.3,0.2494,32.9,34,34.2,34.5
6630,0.2494,32.9,34,34.2,34.5
6635.4,0.2494,32.9,34,34.2,34.5
6641.4,0.2494,32.9,34,34.2,34.5
6647.5,0.2494,32.9,34,34.2,34.5
6653.5,0.2494,32.9,34,34.2,34.5
6659.5,0.2494,32.9,34,34.2,34.5
6665.6,0.2494,32.9,34,34.2,34.5
6671.6,0.2494,33,34,34.2,34.5
6677.7,0.2494,33,34,34.2,34.5
6683.6,0.2494,33,34,34.2,34.5
6689.8,0.2494,33,34,34.2,34.5
6695.8,0.2494,33,34,34.2,34.5
6701.5,0.2494,33,34,34.2,34.5
6707.3,0.2494,33,34,34.2,34.5
6713,0.2494,33,34.1,34.2,34.5
6718.8,0.2494,33,34.1,34.2,34.5
6724.5,0.2494,33,34.1,34.2,34.5
6730.8,0.2494,33,34.1,34.2,34.5
6736.6,0.2494,33,34.1,34.2,34.5
6742.7,0.2494,33,34.1,34.2,34.5
6748.6,0.2494,33,34.1,34.2,34.5
6754.7,0.2494,33,34.1,34.2,34.5
6760.6,0.2494,33,34.1,34.3,34.5
6766.7,0.2494,33,34.1,34.2,34.5
6772.6,0.2494,33,34.1,34.3,34.6
6778.7,0.2494,33,34.1,34.3,34.6
6784.6,0.2494,33,34.1,34.3,34.5
6790.8,0.2494,33,34.1,34.3,34.5
6797.3,0.2494,33,34.1,34.3,34.6
6803,0.2494,33,34.1,34.3,34.6
6808.9,0.2494,33.1,34.1,34.3,34.6
6814.8,0.2494,33,34.1,34.3,34.6
6820.8,0.2494,33,34.1,34.3,34.6
6827,0.2494,33.1,34.1,34.3,34.5
6833.3,0.2494,33.1,34.1,34.3,34.5
6838.7,0.2494,33.1,34.1,34.3,34.6
6844.5,0.2494,33,34.1,34.3,34.6
6850.1,0.2494,33.1,34.1,34.3,34.6
6856.4,0.2494,33.1,34.1,34.3,34.6
6862.2,0.2494,33.1,34.2,34.3,34.6
6868.2,0.2494,33.1,34.1,34.3,34.6
6874.2,0.2494,33.1,34.1,34.3,34.6
6880.4,0.2494,33.1,34.2,34.3,34.6
6886.2,0.2494,33.1,34.2,34.3,34.6
6892.3,0.2494,33.1,34.2,34.3,34.6
6898.2,0.2494,33.1,34.2,34.3,34.6
6904.4,0.2494,33.1,34.2,34.3,34.6
6910.4,0.2494,33.1,34.2,34.3,34.6
6916.1,0.2494,33.1,34.2,34.3,34.6
6922.2,0.2494,33.1,34.2,34.3,34.6
6928.3,0.2494,33.1,34.2,34.3,34.6
6934.1,0.2494,33.1,34.2,34.3,34.6
6940.2,0.2494,33.1,34.2,34.3,34.6
6946.2,0.2494,33.1,34.2,34.3,34.6
6952.2,0.2494,33.1,34.2,34.3,34.6
6958.3,0.2494,33.1,34.2,34.3,34.6
6964.3,0.2494,33.1,34.2,34.3,34.6
6970.4,0.2494,33.1,34.2,34.3,34.6
6976.4,0.2494,33.1,34.2,34.4,34.7
6982.4,0.2494,33.1,34.2,34.4,34.7
6988.6,0.2494,33.1,34.2,34.4,34.7
6994.9,0.2494,33.1,34.2,34.4,34.6
7001.4,0.2494,33.1,34.2,34.4,34.7
7007.1,0.2494,33.1,34.2,34.4,34.7
7013.3,0.2494,33.1,34.2,34.4,34.7
7019.3,0.2494,33.2,34.2,34.4,34.6
7025.6,0.2494,33.1,34.2,34.4,34.6
7031.6,0.2494,33.1,34.2,34.4,34.6
7037.6,0.2494,33.1,34.2,34.4,34.7
7043.3,0.2494,33.1,34.2,34.4,34.7
7049.6,0.2494,33.1,34.3,34.4,34.7
7055.4,0.2494,33.1,34.2,34.4,34.7
7061.3,0.2494,33.2,34.3,34.4,34.7
7067.7,0.2494,33.2,34.3,34.4,34.7
7075.5,0.2494,33.2,34.3,34.4,34.7
7081.1,0.2494,33.2,34.3,34.4,34.7
7087.5,0.2494,33.2,34.3,34.4,34.7
7093.1,0.2494,33.2,34.3,34.4,34.7
7099.6,0.2494,33.2,34.3,34.4,34.7
7105.5,0.2494,33.2,34.3,34.4,34.7
7111.4,0.2494,33.2,34.3,34.4,34.6
7117.5,0.2494,33.2,34.3,34.4,34.6
7123.9,0.2494,33.2,34.3,34.4,34.6
7130.1,0.2494,33.2,34.3,34.4,34.6
7136.3,0.2494,33.2,34.3,34.3,34.5
7142.3,0.2494,33.2,34.3,34.3,34.6
7148.8,0.2494,33.2,34.3,34.3,34.5
7154.6,0.2494,33.2,34.3,34.3,34.5
7160.8,0.2494,33.2,34.3,34.3,34.5
7166.7,0.2494,33.2,34.3,34.3,34.4
7172.7,0.2494,33.2,34.3,34.2,34.4
7178.5,0.2494,33.2,34.3,34.2,34.4
7184.8,0.2494,33.2,34.3,34.2,34.4
7190.8,0.2494,33.2,34.3,34.2,34.3
7196.5,0.2494,33.2,34.3,34.2,34.3
7202.8,0.2494,33.2,34.3,34.1,34.3
7208.6,0.2494,33.2,34.3,34.1,34.2
7214.4,0.2494,33.2,34.3,34.1,34.2
7220.8,0.2494,33.2,34.3,34,34.2
7226.6,0.2494,33.2,34.3,34,34.1
7232.9,0.2494,33.2,34.3,34,34.1
7238.7,0.2494,33.2,34.3,34,34.1
7244.7,0.2494,33.2,34.3,34,34
7251.1,0.2494,33.2,34.3,33.9,34
7258,0.2494,33.2,34.3,33.9,34
7263.7,0.2494,33.2,34.3,33.8,33.9
7269.9,0.2494,33.2,34.3,33.8,33.9
7276.3,0.2494,33.2,34.3,33.8,33.9
7282.6,0.2494,33.3,34.3,33.7,33.8
7288.6,0.2494,33.3,34.3,33.7,33.8
7294.5,0.2494,33.3,34.4,33.7,33.8
7300.8,0.2494,33.3,34.3,33.6,33.7
7307.1,0.2494,33.3,34.4,33.6,33.7
7313.9,0.2494,33.3,34.4,33.6,33.6
7320.7,0.2494,33.3,34.4,33.5,33.6
7326.7,0.2494,33.3,34.4,33.5,33.6
7332.4,0.2494,33.3,34.4,33.5,33.5
7338.8,0.2494,33.3,34.4,33.4,33.5
7345.7,0.2494,33.3,34.4,33.4,33.4
7352.2,0.2494,33.3,34.4,33.3,33.4
7358.3,0.2494,33.3,34.4,33.3,33.4
7364.2,0.2494,33.3,34.4,33.3,33.3
7370.4,0.2494,33.3,34.4,33.2,33.3
7376.7,0.2494,33.3,34.4,33.2,33.3
7383.4,0.2494,33.3,34.4,33.2,33.2
7389.3,0.2494,33.3,34.4,33.1,33.2
7394.9,0.2494,33.3,34.4,33.1,33.1
7401.1,0.2494,33.3,34.4,33.1,33.1
7407.3,0.2494,33.3,34.4,33,33.1
7413.2,0.2494,33.3,34.4,33,33
7419.3,0.2494,33.3,34.4,33,33
7427.1,0.2494,33.3,34.4,32.9,33
7433.2,0.2494,33.3,34.4,32.9,32.9
7439.4,0.2494,33.3,34.4,32.9,32.9
7446.2,0.2494,33.3,34.4,32.8,32.9
7452.5,0.2494,33.3,34.4,32.8,32.8
7459.2,0.2494,33.3,34.4,32.7,32.8
7465.1,0.2494,33.3,34.4,32.7,32.7
7471.4,0.2494,33.3,34.4,32.7,32.7
7478.1,0.2494,33.3,34.4,32.6,32.7
7484.6,0.2494,33.3,34.4,32.6,32.6
7491.5,0.2494,33.3,34.4,32.6,32.6
7498.1,0.2494,33.3,34.4,32.5,32.5
7504.4,0.2494,33.3,34.4,32.5,32.5
7511,0.2494,33.3,34.4,32.4,32.5
7517.3,0.2494,33.3,34.4,32.4,32.4
7524.2,0.2494,33.3,34.4,32.4,32.4
7530.9,0.2494,33.3,34.3,32.3,32.4
7537.1,0.2494,33.3,34.3,32.3,32.3
7543.3,0.2494,33.3,34.3,32.2,32.3
7550,0.2494,33.3,34.3,32.2,32.2
7556.4,0.2494,33.3,34.3,32.2,32.2
7563,0.2494,33.2,34.3,32.1,32.2
7569.9,0.2494,33.2,34.3,32.1,32.1
7576.1,0.2494,33.2,34.2,32.1,32.1
7582.8,0.2494,33.2,34.2,32,32
7589.3,0.2494,33.2,34.2,32,31.9
7595.8,0.2494,33.1,34.2,31.9,31.3
7602.3,0.2494,33.1,34.2,31.7,31.6
7608.6,0.2494,33.1,34.1,31.7,31.7
7614.5,0.2494,33.1,34.1,31.7,31.8
7621.1,0.2494,33.1,34.1,31.7,31.8
7627.9,0.2494,33.1,34,31.6,31.7
7634.5,0.2494,33,34,31.6,31.7
7640.6,0.2494,33,34,31.6,31.7
7646.7,0.2494,33,34,31.6,31.7
7653.1,0.2494,33,33.9,31.6,31.6
7660.1,0.2494,32.9,33.9,31.5,31.6
7666.6,0.2494,32.9,33.9,31.5,31.5
7673.2,0.2494,32.9,33.8,31.5,31.5
7679.7,0.2494,32.9,33.8,31.4,31.5
7686,0.2494,32.8,33.8,31.4,31.4
7692.9,0.2494,32.8,33.7,31.4,31.4
7700,0.2494,32.8,33.7,31.3,31.4
7707.1,0.2494,32.7,33.7,31.3,31.3
7713.8,0.2494,32.7,33.6,31.3,31.3
7720,0.2494,32.7,33.6,31.2,31.3
7727.3,0.2494,32.6,33.6,31.2,31.2
7733.7,0.2494,32.6,33.5,31.2,31.2
7740.5,0.2494,32.6,33.5,31.1,31.2
7746.6,0.2494,32.5,33.4,31.1,31.1
7753.2,0.2494,32.5,33.4,31.1,31.1
7759.8,0.2494,32.5,33.4,31,31.1
7766.7,0.2494,32.5,33.3,31,31
7774,0.2494,32.4,33.3,31,31
7780.6,0.2494,32.4,33.3,30.9,31
7787.5,0.2494,32.3,33.2,30.9,30.9
7794.5,0.2494,32.3,33.2,30.9,30.9
7800.9,0.2494,32.3,33.2,30.8,30.8
7807.7,0.2494,32.2,33.1,30.8,30.8
7814.5,0.2494,32.2,33.1,30.8,30.8
7821.5,0.2494,32.2,33,30.7,30.7
7828.6,0.2494,32.1,33,30.7,30.7
7835.6,0.2494,32.1,33,30.6,30.7
7842.7,0.2494,32,32.9,30.6,30.6
7849.8,0.2494,32,32.9,30.6,30.6
7856.3,0.2494,32,32.8,30.5,30.6
7863.5,0.2494,32,32.8,30.5,30.5
7870.3,0.2494,31.9,32.7,30.5,30.5
7876.6,0.2494,31.9,32.7,30.4,30.4
7883.8,0.2494,31.8,32.7,30.4,30.4
7890.6,0.2494,31.8,32.6,30.4,30.4
7897.7,0.2494,31.8,32.6,30.3,30.3
7904.2,0.2494,31.7,32.6,30.3,30.3
7910.8,0.2494,31.7,32.5,30.3,30.3
7917.5,0.2494,31.7,32.5,30.2,30.2
7924.3,0.2494,31.6,32.4,30.2,30.2
7931.6,0.2494,31.6,32.4,30.2,30.2
7938,0.2494,31.5,32.3,30.1,30.1
7944.5,0.2494,31.5,32.3,30.1,30.1
7951.5,0.2494,31.5,32.2,30,30.1
7958.1,0.2494,31.4,32.2,30,30
7964.7,0.2494,31.4,32.2,30,30
7971.1,0.2494,31.3,32.1,30,30
7977.4,0.2494,31.3,32.1,29.9,29.9
7984.4,0.2494,31.3,32,29.9,29.9
7991.1,0.2494,31.2,32,29.9,29.9
7998.1,0.2494,31.2,31.9,29.8,29.8
8005.1,0.2494,31.2,31.9,29.8,29.8
8011.9,0.2494,31.1,31.9,29.8,29.8
8019,0.2494,31.1,31.8,29.7,29.7
8026.2,0.2494,31.1,31.8,29.7,29.7
8033.2,0.2494,31,31.8,29.6,29.6
8040,0.2494,31,31.7,29.6,29.6
8047,0.2494,30.9,31.7,29.6,29.6
8053.7,0.2494,30.9,31.6,29.6,29.6
8060.5,0.2494,30.8,31.6,29.5,29.5
8067.3,0.2494,30.8,31.6,29.5,29.5
8073.7,0.2494,30.8,31.5,29.4,29.4
8081.2,0.2494,30.7,31.5,29.4,29.4
8088,0.2494,30.7,31.5,29.4,29.4
8095.2,0.2494,30.7,31.4,29.3,29.3
8102,0.2494,30.6,31.4,29.3,29.3
8108.5,0.2494,30.6,31.4,29.3,29.3
8116.4,0.2494,30.6,31.3,29.3,29.2
8122.7,0.2494,30.5,31.3,29.2,29.2
8129.6,0.2494,30.5,31.2,29.2,29.2
8137.7,0.2494,30.5,31.2,29.1,29.1
8144.6,0.2494,30.4,31.2,29.1,29.1
8151.8,0.2494,30.4,31.1,29.1,29.1
8158.5,0.2494,30.4,31.1,29,29
8165.7,0.2494,30.3,31.1,29,29
8173.2,0.2494,30.3,31,29,29
8180.4,0.2494,30.3,31,28.9,28.9
8187.9,0.2494,30.2,30.9,28.9,28.9
8195.1,0.2494,30.2,30.9,28.9,28.9
8201.7,0.2494,30.2,30.9,28.8,28.8
8208.6,0.2494,30.1,30.8,28.8,28.8
8215.9,0.2494,30.1,30.8,28.8,28.8
8223,0.2494,30.1,30.8,28.7,28.7
8230.1,0.2494,30,30.7,28.7,28.7
8238,0.2494,30,30.7,28.7,28.7
8244.9,0.2494,29.9,30.6,28.6,28.6
8251.7,0.2494,29.9,30.6,28.6,28.6
8258.2,0.2494,29.9,30.6,28.6,28.6
8266,0.2494,29.9,30.5,28.6,28.5
8272.9,0.2494,29.8,30.5,28.5,28.5
8279.5,0.2494,29.8,30.5,28.5,28.5
8287,0.2494,29.8,30.4,28.4,28.4
8293.8,0.2494,29.7,30.4,28.4,28.4
8300.4,0.2494,29.7,30.4,28.4,28.4
8307,0.2494,29.6,30.3,28.4,28.3
8315.1,0.2494,29.6,30.3,28.3,28.3
8322.1,0.2494,29.6,30.2,28.3,28.3
8329.3,0.2494,29.6,30.2,28.3,28.2
8337,0.2494,29.5,30.2,28.2,28.2
8344.3,0.2494,29.5,30.1,28.2,28.2
8351.3,0.2494,29.4,30.1,28.1,28.1
8358.2,0.2494,29.4,30.1,28.1,28.1
8365.1,0.2494,29.4,30,28.1,28.1
8372.2,0.2494,29.3,30,28.1,28.1
8378.8,0.2494,29.3,29.9,28,28
8385.3,0.2494,29.3,29.9,28,28
8391.9,0.2494,29.2,29.9,28,27.9
8399.3,0.2494,29.2,29.9,28,27.9
8406.6,0.2494,29.2,29.8,27.9,27.9
8413.1,0.2494,29.2,29.8,27.9,27.9
8420.1,0.2494,29.1,29.7,27.9,27.8
8426.5,0.2494,29.1,29.7,27.8,27.8
8432.9,0.2494,29.1,29.7,27.8,27.8
8439.6,0.2494,29,29.7,27.8,27.8
8446.7,0.2494,29,29.6,27.8,27.7
8453.3,0.2494,29,29.6,27.7,27.7
8460.5,0.2494,28.9,29.6,27.7,27.6
8466.8,0.2494,28.9,29.5,27.7,27.6
8473.3,0.2494,28.9,29.5,27.6,27.6
8481.3,0.2494,28.8,29.5,27.6,27.6
8487.7,0.2494,28.8,29.4,27.6,27.5
8494.6,0.2494,28.8,29.4,27.5,27.5
8501.6,0.2494,28.8,29.4,27.5,27.5
8508.3,0.2494,28.7,29.3,27.5,27.5
8515.4,0.2494,28.7,29.3,27.5,27.4
8522.6,0.2494,28.7,29.3,27.4,27.4
8529,0.2494,28.7,29.2,27.4,27.4
8535.6,0.2494,28.6,29.2,27.4,27.4
8542.9,0.2494,28.6,29.2,27.4,27.3
8550.7,0.2494,28.6,29.1,27.3,27.3
8557,0.2494,28.5,29.1,27.3,27.3
8564.3,0.2494,28.5,29.1,27.3,27.2
8571.4,0.2494,28.5,29,27.2,27.2
8578.8,0.2494,28.4,29,27.2,27.2
8585.8,0.2494,28.4,29,27.2,27.2
8592.6,0.2494,28.4,29,27.2,27.1
8599.8,0.2494,28.3,28.9,27.1,27.1
8606.9,0.2494,28.3,28.9,27.1,27.1
8613.6,0.2494,28.3,28.9,27.1,27
8620.9,0.2494,28.3,28.8,27,27
8627.8,0.2494,28.3,28.8,27,27
8634.2,0.2494,28.2,28.8,27,27
8640.5,0.2494,28.2,28.7,27,26.9
8648.1,0.2494,28.2,28.7,26.9,26.9
8655.1,0.2494,28.1,28.7,26.9,26.9
8662,0.2494,28.1,28.6,26.9,26.8
8668.5,0.2494,28.1,28.6,26.9,26.8
8675.3,0.2494,28,28.6,26.8,26.8
8682.5,0.2494,28,28.6,26.8,26.8
8690,0.2494,28,28.5,26.8,26.8
8697.3,0.2494,27.9,28.5,26.8,26.7
8704.7,0.2494,27.9,28.5,26.7,26.7
8712.2,0.2494,27.9,28.4,26.7,26.7
8719.5,0.2494,27.8,28.4,26.7,26.6
8726.8,0.2494,27.8,28.4,26.6,26.6
8733.9,0.2494,27.8,28.3,26.6,26.6
8740.9,0.2494,27.8,28.3,26.6,26.5
8747.7,0.2494,27.8,28.3,26.6,26.5
8754.1,0.2494,27.7,28.3,26.5,26.5
8760.9,0.2494,27.7,28.2,26.5,26.5
8767.9,0.2494,27.7,28.2,26.5,26.5
8775.3,0.2494,27.6,28.2,26.5,26.4
8782.8,0.2494,27.6,28.1,26.4,26.4
8790.1,0.2494,27.6,28.1,26.4,26.4
8797.4,0.2494,27.5,28.1,26.4,26.3
8804.8,0.2494,27.5,28,26.4,26.3
8812.5,0.2494,27.5,28,26.3,26.3
8819.1,0.2494,27.5,28,26.3,26.3
8826,0.2494,27.4,27.9,26.3,26.2
8832.3,0.2494,27.4,27.9,26.3,26.2
8839.6,0.2494,27.4,27.9,26.2,26.2
8846.9,0.2494,27.3,27.8,26.2,26.2
8854,0.2494,27.3,27.8,26.2,26.1
8861.5,0.2494,27.3,27.8,26.2,26.1
8868.8,0.2494,27.3,27.8,26.1,26.1
8876.2,0.2494,27.2,27.7,26.1,26.1
8883.6,0.2494,27.2,27.7,26.1,26.1
8891.1,0.2494,27.2,27.7,26.1,26
8898.6,0.2494,27.1,27.6,26,26
8905.2,0.2494,27.1,27.6,26,25.9
8911.9,0.2494,27.1,27.6,26,25.9
8919.5,0.2494,27.1,27.5,25.9,25.9
8926.4,0.2494,27,27.5,25.9,25.9
8934.2,0.2494,27,27.5,25.9,25.9
8941.1,0.2494,27,27.5,25.9,25.8
8948.9,0.2494,27,27.4,25.8,25.8
8955.9,0.2494,26.9,27.4,25.8,25.8
8963.6,0.2494,26.9,27.4,25.8,25.8
8970.7,0.2494,26.8,27.3,25.8,25.7
8978.3,0.2494,26.8,27.3,25.7,25.7
8985.8,0.2494,26.8,27.3,25.7,25.7
8993.9,0.2494,26.8,27.3,25.7,25.7
9001.4,0.2494,26.7,27.2,25.7,25.6
9008,0.2494,26.7,27.2,25.6,25.6
9015.8,0.2494,26.7,27.2,25.6,25.6
9022.7,0.2494,26.7,27.1,25.6,25.5
9030.6,0.2494,26.7,27.1,25.6,25.5
9037.8,0.2494,26.6,27.1,25.5,25.5
9044.6,0.2494,26.6,27,25.5,25.5
9051.5,0.2494,26.6,27,25.5,25.4
9058.6,0.2494,26.6,27,25.5,25.4
9066.2,0.2494,26.5,27,25.4,25.4
9073.3,0.2494,26.5,26.9,25.4,25.4
9080.2,0.2494,26.5,26.9,25.4,25.4
9087.3,0.2494,26.4,26.9,25.4,25.3
9094.3,0.2494,26.4,26.9,25.3,25.3
9101.1,0.2494,26.4,26.8,25.3,25.3
9108.3,0.2494,26.4,26.8,25.3,25.2
9115.5,0.2494,26.3,26.8,25.3,25.2
9123.6,0.2494,26.3,26.7,25.2,25.2
9130.7,0.2494,26.3,26.7,25.2,25.2
9138.5,0.2494,26.3,26.7,25.2,25.1
9145.6,0.2494,26.2,26.7,25.2,25.1
9152.6,0.2494,26.2,26.6,25.1,25.1
9159.8,0.2494,26.2,26.6,25.1,25.1
9167.5,0.2494,26.2,26.6,25.1,25.1
9174.9,0.2494,26.1,26.6,25.1,25
9182.1,0.2494,26.1,26.5,25.1,25
9189.3,0.2494,26.1,26.5,25,25
9196.5,0.2494,26.1,26.5,25,25
9204.9,0.2494,26,26.4,25,24.9
9212.4,0.2494,26,26.4,24.9,24.9
9220.1,0.2494,26,26.4,24.9,24.9
9227,0.2494,25.9,26.4,24.9,24.9
9234.9,0.2494,25.9,26.3,24.9,24.8
9242.9,0.2494,25.9,26.3,24.9,24.8
9251.2,0.2494,25.9,26.3,24.8,24.8
9259.2,0.2494,25.8,26.2,24.8,24.7
9267.2,0.2494,25.8,26.2,24.8,24.7
9275,0.2494,25.8,26.2,24.7,24.7
9282.4,0.2494,25.7,26.1,24.7,24.6
9290.2,0.2494,25.7,26.1,24.7,24.6
9297.2,0.2494,25.7,26.1,24.7,24.6
9304.4,0.2494,25.7,26.1,24.6,24.6
9311.7,0.2494,25.7,26,24.6,24.6
9319.7,0.2494,25.6,26,24.6,24.5
9327.5,0.2494,25.6,26,24.6,24.5
9334.8,0.2494,25.6,26,24.6,24.5
9342.5,0.2494,25.5,25.9,24.5,24.5
9349.7,0.2494,25.5,25.9,24.5,24.5
9356.9,0.2494,25.5,25.9,24.5,24.4
9364.1,0.2494,25.5,25.8,24.5,24.4
9371.1,0.2494,25.5,25.8,24.4,24.4
9378.5,0.2494,25.4,25.8,24.4,24.3
9386.1,0.2494,25.4,25.8,24.4,24.3
9393,0.2494,25.4,25.7,24.4,24.3
9400.1,0.2494,25.3,25.7,24.3,24.3
9407.1,0.2494,25.3,25.7,24.3,24.3
9414.3,0.2494,25.3,25.7,24.3,24.2
9421.6,0.2494,25.3,25.6,24.3,24.2
9429,0.2494,25.2,25.6,24.2,24.2
9437.1,0.2494,25.2,25.6,24.2,24.2
9445.2,0.2494,25.2,25.6,24.2,24.1
9453.1,0.2494,25.2,25.5,24.2,24.1
9461,0.2494,25.2,25.5,24.1,24.1
9468.2,0.2494,25.1,25.5,24.1,24.1
9476.2,0.2494,25.1,25.5,24.1,24
9483.1,0.2494,25.1,25.4,24.1,24
9490.3,0.2494,25,25.4,24.1,24
9498.8,0.2494,25,25.4,24,24
9506.3,0.2494,25,25.3,24,23.9
9513.4,0.2494,25,25.3,24,23.9
9521,0.2494,24.9,25.3,23.9,23.9
9528.4,0.2494,24.9,25.3,23.9,23.9
9535.7,0.2494,24.9,25.2,23.9,23.8
9543.1,0.2494,24.9,25.2,23.9,23.8
9551.7,0.2494,24.9,25.2,23.9,23.8
9558.6,0.2494,24.8,25.2,23.8,23.8
9565.7,0.2494,24.8,25.1,23.8,23.8
9573.9,0.2494,24.8,25.1,23.8,23.7
9581.7,0.2494,24.8,25.1,23.8,23.7
9590.2,0.2494,24.7,25.1,23.7,23.7
9597.6,0.2494,24.7,25,23.7,23.7
9604.7,0.2494,24.7,25,23.7,23.6
9612,0.2494,24.7,25,23.7,23.6
9620,0.2494,24.6,25,23.7,23.6
9628.2,0.2494,24.6,24.9,23.6,23.6
9636.2,0.2494,24.6,24.9,23.6,23.5
9644,0.2494,24.6,24.9,23.6,23.5
9651.1,0.2494,24.5,24.9,23.6,23.5
9657.9,0.2494,24.5,24.8,23.5,23.5
9664.9,0.2494,24.5,24.8,23.5,23.4
9672.4,0.2494,24.5,24.8,23.5,23.4
9680.5,0.2494,24.4,24.8,23.5,23.4
9688.4,0.2494,24.4,24.7,23.4,23.4
9695.1,0.2494,24.4,24.7,23.4,23.4
9702.3,0.2494,24.4,24.7,23.4,23.3
9709.7,0.2494,24.4,24.7,23.4,23.3
9717.8,0.2494,24.3,24.6,23.4,23.3
9725.9,0.2494,24.3,24.6,23.3,23.3
9733.5,0.2494,24.3,24.6,23.3,23.2
9740.2,0.2494,24.3,24.6,23.3,23.2
9748.3,0.2494,24.2,24.5,23.3,23.2
9756.3,0.2494,24.2,24.5,23.2,23.2
9764.5,0.2494,24.2,24.5,23.2,23.1
9772.6,0.2494,24.2,24.5,23.2,23.1
9780.6,0.2494,24.1,24.4,23.2,23.1
9788.9,0.2494,24.1,24.4,23.2,23.1
9796.7,0.2494,24.1,24.4,23.1,23
9804.8,0.2494,24.1,24.4,23.1,23
9812.9,0.2494,24.1,24.3,23.1,23
9821.1,0.2494,24,24.3,23.1,23
9828.9,0.2494,24,24.3,23,22.9
9837.2,0.2494,24,24.2,23,22.9
9845.3,0.2494,24,24.2,23,22.9
9853.1,0.2494,23.9,24.2,23,22.9
9860.3,0.2494,23.9,24.2,22.9,22.9
9868.1,0.2494,23.9,24.1,22.9,22.8
9875.4,0.2494,23.9,24.1,22.9,22.8
9882.8,0.2494,23.9,24.1,22.9,22.8
9890.8,0.2494,23.8,24.1,22.9,22.8
9899,0.2494,23.8,24.1,22.8,22.7
9907.1,0.2494,23.8,24,22.8,22.7
9915.2,0.2494,23.7,24,22.8,22.7
9922.9,0.2494,23.7,24,22.8,22.7
9930.2,0.2494,23.7,24,22.7,22.6
9937.2,0.2494,23.7,23.9,22.7,22.6
9944.4,0.2494,23.7,23.9,22.7,22.6
9951.7,0.2494,23.6,23.9,22.7,22.6
9959.5,0.2494,23.6,23.9,22.7,22.6
9966.9,0.2494,23.6,23.8,22.6,22.6
9975.4,0.2494,23.6,23.8,22.6,22.5
9982.6,0.2494,23.6,23.8,22.6,22.5
9989.7,0.2494,23.5,23.8,22.6,22.5
9997.2,0.2494,23.5,23.7,22.5,22.5
10005.2,0.2494,23.5,23.7,22.5,22.4
10013.2,0.2494,23.5,23.7,22.5,22.4
10021.4,0.2494,23.4,23.7,22.5,22.4
10029.2,0.2494,23.4,23.7,22.5,22.4
10036.5,0.2494,23.4,23.6,22.4,22.4
10044.6,0.2494,23.4,23.6,22.4,22.3
10052.6,0.2494,23.4,23.6,22.4,22.3
10060.4,0.2494,23.3,23.6,22.4,22.3
10067.5,0.2494,23.3,23.5,22.4,22.3
10074.8,0.2494,23.3,23.5,22.3,22.3
10083.2,0.2494,23.3,23.5,22.3,22.2
10090.7,0.2494,23.3,23.5,22.3,22.2
10097.9,0.2494,23.2,23.4,22.3,22.2
10105.3,0.2494,23.2,23.4,22.3,22.2
10112.7,0.2494,23.2,23.4,22.2,22.2
10120.8,0.2494,23.2,23.4,22.2,22.1
10129.3,0.2494,23.1,23.3,22.2,22.1
10136.7,0.2494,23.1,23.3,22.2,22.1
10144.4,0.2494,23.1,23.3,22.2,22.1
10152.6,0.2494,23.1,23.3,22.1,22
10160.2,0.2494,23.1,23.3,22.1,22
10168.7,0.2494,23,23.2,22.1,22
10176.4,0.2494,23,23.2,22.1,22
10183.8,0.2494,23,23.2,22.1,22
10191,0.2494,23,23.2,22,22
10198.3,0.2494,22.9,23.1,22,21.9
10205.8,0.2494,22.9,23.1,22,21.9
10214.1,0.2494,22.9,23.1,22,21.9
10222.3,0.2494,22.9,23.1,22,21.9
10230.5,0.2494,22.9,23,21.9,21.8
10238.2,0.2494,22.8,23,21.9,21.8
10246.3,0.2494,22.8,23,21.9,21.8
10253.8,0.2494,22.8,23,21.9,21.8
10261.2,0.2494,22.8,23,21.9,21.8
10269.7,0.2494,22.8,22.9,21.8,21.7
10277,0.2494,22.7,22.9,21.8,21.7
10284.8,0.2494,22.7,22.9,21.8,21.7
10292.5,0.2494,22.7,22.9,21.8,21.7
10299.7,0.2494,22.7,22.9,21.8,21.7
10306.9,0.2494,22.7,22.8,21.7,21.6
10314.6,0.2494,22.6,22.8,21.7,21.6
10321.8,0.2494,22.6,22.8,21.7,21.6
10329,0.2494,22.6,22.8,21.7,21.6
10336.4,0.2494,22.6,22.7,21.7,21.6
10344.5,0.2494,22.6,22.7,21.6,21.5
10352.6,0.2494,22.5,22.7,21.6,21.5
10361.1,0.2494,22.5,22.7,21.6,21.5
10368.7,0.2494,22.5,22.7,21.6,21.5
10377.2,0.2494,22.5,22.6,21.6,21.5
10384.8,0.2494,22.4,22.6,21.5,21.5
10393,0.2494,22.4,22.6,21.5,21.4
10400.9,0.2494,22.4,22.6,21.5,21.4
10409.2,0.2494,22.4,22.5,21.5,21.4
10417.5,0.2494,22.4,22.5,21.5,21.4
10425.4,0.2494,22.4,22.5,21.5,21.3
10432.4,0.2494,22.3,22.5,21.4,21.3
10441,0.2494,22.3,22.4,21.4,21.3
10448.8,0.2494,22.3,22.4,21.4,21.3
10456.2,0.2494,22.3,22.4,21.4,21.3
10463.5,0.2494,22.3,22.4,21.4,21.3
10471.8,0.2494,22.2,22.4,21.3,21.2
10478.8,0.2494,22.2,22.4,21.3,21.2
10486.3,0.2494,22.2,22.3,21.3,21.2
10495.1,0.2494,22.2,22.3,21.3,21.2
10502.7,0.2494,22.1,22.3,21.2,21.2
10511.2,0.2494,22.1,22.3,21.2,21.1
10519,0.2494,22.1,22.2,21.2,21.1
10526.5,0.2494,22.1,22.2,21.2,21.1
